#
# A fatal error has been detected by the Java Runtime Environment:
#
#  EXCEPTION_ACCESS_VIOLATION (0xc0000005) at pc=0x000001ec885684d5, pid=11744, tid=22764
#
# JRE version: OpenJDK Runtime Environment (15.0.1+9) (build 15.0.1+9-18)
# Java VM: OpenJDK 64-Bit Server VM (15.0.1+9-18, mixed mode, tiered, compressed oops, g1 gc, windows-amd64)
# Problematic frame:
# J 20985 c2 net.sf.saxon.regex.Operation$OpSequence$1.hasNext()Z (68 bytes) @ 0x000001ec885684d5 [0x000001ec88567780+0x0000000000000d55]
#
# No core dump will be written. Minidumps are not enabled by default on client versions of Windows
#
# If you would like to submit a bug report, please visit:
#   https://bugreport.java.com/bugreport/crash.jsp
#

---------------  S U M M A R Y ------------

Command Line: -Dant.home=C:/Program Files/Oxygen XML Editor 23/tools/ant -Dant.library.dir=C:/Program Files/Oxygen XML Editor 23/tools/ant/lib org.apache.tools.ant.launch.Launcher -cp 

Host: AMD Ryzen 7 5700U with Radeon Graphics         , 16 cores, 14G,  Windows 10 , 64 bit Build 19041 (10.0.19041.3636)
Time: Thu Jul 25 08:25:47 2024 W. Europe Summer Time elapsed time: 59204.608966 seconds (0d 16h 26m 44s)

---------------  T H R E A D  ---------------

Current thread (0x000001ecf2474ac0):  JavaThread "main" [_thread_in_Java, id=22764, stack(0x0000008be4400000,0x0000008be4500000)]

Stack: [0x0000008be4400000,0x0000008be4500000],  sp=0x0000008be44fad50,  free space=1003k
Native frames: (J=compiled Java code, j=interpreted, Vv=VM code, C=native code)
C  0x000001ec885684d5


siginfo: EXCEPTION_ACCESS_VIOLATION (0xc0000005), reading address 0x0000000000000090


Register to memory mapping:

RIP=0x000001ec885684d5 is at entry_point+3413 in (nmethod*)0x000001ec88567490
RAX=0x0 is NULL
RBX=0x0000000000000001 is an unknown value
RCX=0x000001ecfb077d3c points into unknown readable memory: 08 08 08 08
RDX=0x000000071cf140e0 is an oop: net.sf.saxon.expr.sort.EmptyIntIterator 
{0x000000071cf140e0} - klass: 'net/sf/saxon/expr/sort/EmptyIntIterator'
RSP=0x0000008be44fad50 is pointing into the stack for thread: 0x000001ecf2474ac0
RBP=3904327478 is a compressed pointer to object: net.sf.saxon.z.IntSingletonIterator 
{0x0000000745ba79b0} - klass: 'net/sf/saxon/z/IntSingletonIterator'
RSI=0x0000000745ba7778 is an oop: [B 
{0x0000000745ba7778} - klass: {type array byte}
 - length: 25
RDI=0x000000071cf140e0 is an oop: net.sf.saxon.expr.sort.EmptyIntIterator 
{0x000000071cf140e0} - klass: 'net/sf/saxon/expr/sort/EmptyIntIterator'
R8 =0x000000000000000a is an unknown value
R9 =0x0000000745ba7930 is an oop: java.util.Stack 
{0x0000000745ba7930} - klass: 'java/util/Stack'
R10=0x000000000000000a is an unknown value
R11=3904327462 is a compressed pointer to object: java.util.Stack 
{0x0000000745ba7930} - klass: 'java/util/Stack'
R12=0x0 is NULL
R13=0x0000000745ba7950 is an oop: [Ljava.lang.Object; 
{0x0000000745ba7950} - klass: 'java/lang/Object'[]
 - length: 10
R14=0x000000000000000e is an unknown value
R15=0x000001ecf2474ac0 is a thread


Registers:
RAX=0x0000000000000000, RBX=0x0000000000000001, RCX=0x000001ecfb077d3c, RDX=0x000000071cf140e0
RSP=0x0000008be44fad50, RBP=0x00000000e8b74f36, RSI=0x0000000745ba7778, RDI=0x000000071cf140e0
R8 =0x000000000000000a, R9 =0x0000000745ba7930, R10=0x000000000000000a, R11=0x00000000e8b74f26
R12=0x0000000000000000, R13=0x0000000745ba7950, R14=0x000000000000000e, R15=0x000001ecf2474ac0
RIP=0x000001ec885684d5, EFLAGS=0x0000000000010246

Top of Stack: (sp=0x0000008be44fad50)
0x0000008be44fad50:   00000000e8b74ea2 000001ec8855f71c
0x0000008be44fad60:   0000000000000001 0000008be44fade0
0x0000008be44fad70:   0000000745ba7988 000000071cf140e0
0x0000008be44fad80:   0000000745ba7930 000000010000000a
0x0000008be44fad90:   0000000745ba7950 0000000045ba7078
0x0000008be44fada0:   0000000745ba7590 0000000745ba7660
0x0000008be44fadb0:   0000000745ba74d8 000000071cf140e0
0x0000008be44fadc0:   0000000c00000004 0000000700000004
0x0000008be44fadd0:   0000000745ba6a60 000001ecf2474ac0
0x0000008be44fade0:   0000000800000be0 0000000000000004
0x0000008be44fadf0:   0000000000000001 0000000000000042
0x0000008be44fae00:   0000000745ba6f20 000001ec88556738
0x0000008be44fae10:   0000000745ba7988 000001ec88562ca8
0x0000008be44fae20:   00007875f96e3559 000001ec87bb281f
0x0000008be44fae30:   0000000745ba7590 0000000745ba6f50
0x0000008be44fae40:   0000000700000000 0000000700000000 

Instructions: (pc=0x000001ec885684d5)
0x000001ec885683d5:   00 00 f0 83 04 24 00 49 81 ba 9e 00 00 00 00 00
0x000001ec885683e5:   00 00 75 0d f0 4d 0f b1 7a 3e 75 05 83 c8 01 eb
0x000001ec885683f5:   0f a9 00 00 00 00 eb 08 4c 8b 10 f0 4d 0f b1 10
0x000001ec88568405:   0f 85 0f 0e 00 00 85 db 0f 84 eb f7 ff ff 4c 8b
0x000001ec88568415:   54 24 20 45 8b 5a 18 45 85 db 0f 84 c3 0c 00 00
0x000001ec88568425:   4f 8d 0c dc 48 8d 9c 24 a0 00 00 00 49 8b 01 48
0x000001ec88568435:   a9 02 00 00 00 75 24 48 83 c8 01 48 89 03 f0 49
0x000001ec88568445:   0f b1 19 0f 84 25 00 00 00 48 2b c4 48 81 e0 07
0x000001ec88568455:   f0 ff ff 48 89 03 e9 13 00 00 00 4c 8b c0 48 33
0x000001ec88568465:   c0 f0 4d 0f b1 78 3e 48 c7 03 03 00 00 00 0f 85
0x000001ec88568475:   97 0c 00 00 43 8b 5c dc 10 85 db 0f 84 86 10 00
0x000001ec88568485:   00 44 8b d3 41 ff ca 44 3b d3 0f 8d 8f 10 00 00
0x000001ec88568495:   43 8b 6c dc 18 45 8b 44 ec 0c 45 3b d0 0f 83 50
0x000001ec885684a5:   0c 00 00 4d 8d 14 ec 41 8b 6c 9a 0c 48 8d 84 24
0x000001ec885684b5:   a0 00 00 00 48 81 38 00 00 00 00 0f 84 78 00 00
0x000001ec885684c5:   00 4d 8b 11 49 f7 c2 02 00 00 00 74 64 48 33 c0
0x000001ec885684d5:   49 0b 82 86 00 00 00 75 60 49 8b 82 96 00 00 00
0x000001ec885684e5:   49 0b 82 8e 00 00 00 75 0a 49 c7 42 3e 00 00 00
0x000001ec885684f5:   00 eb 46 49 81 ba 9e 00 00 00 00 00 00 00 74 25
0x000001ec88568505:   48 33 c0 49 c7 42 3e 00 00 00 00 f0 83 04 24 00
0x000001ec88568515:   49 81 ba 9e 00 00 00 00 00 00 00 75 0d f0 4d 0f
0x000001ec88568525:   b1 7a 3e 75 05 83 c8 01 eb 0f a9 00 00 00 00 eb
0x000001ec88568535:   08 4c 8b 10 f0 4d 0f b1 11 0f 85 fb 0b 00 00 45
0x000001ec88568545:   8b 5c ec 08 48 be 00 00 00 00 08 00 00 00 49 03
0x000001ec88568555:   f3 4c 8b 56 20 49 bb d0 3b 63 00 08 00 00 00 4d
0x000001ec88568565:   3b d3 0f 85 02 01 00 00 48 c1 e5 03 48 8b d5 66
0x000001ec88568575:   90 c5 f8 77 48 b8 50 fe 71 9b ec 01 00 00 e8 38
0x000001ec88568585:   8a b9 f7 85 c0 0f 84 0e fc ff ff 48 8b d5 44 8b
0x000001ec88568595:   5a 08 41 81 fb 58 7c 2f 00 0f 85 c4 0a 00 00 c6
0x000001ec885685a5:   42 10 01 44 8b 5a 0c 44 89 5c 24 68 4c 8b 5c 24
0x000001ec885685b5:   20 45 8b 43 1c 43 8b 4c c4 20 41 8b 7c cc 10 45
0x000001ec885685c5:   8b 4c fc 0c 45 85 c9 0f 86 df f6 ff ff 41 8b d9 


Stack slot to memory mapping:
stack at sp + 0 slots: 3904327330 is a compressed pointer to object: net.sf.saxon.regex.Operation$OpSequence 
{0x0000000745ba7510} - klass: 'net/sf/saxon/regex/Operation$OpSequence'
stack at sp + 1 slots: 0x000001ec8855f71c is at entry_point+860 in (nmethod*)0x000001ec8855f090
stack at sp + 2 slots: 0x0000000000000001 is an unknown value
stack at sp + 3 slots: 0x0000008be44fade0 is pointing into the stack for thread: 0x000001ecf2474ac0
stack at sp + 4 slots: 0x0000000745ba7988 is an oop: net.sf.saxon.regex.Operation$OpSequence$1 
{0x0000000745ba7988} - klass: 'net/sf/saxon/regex/Operation$OpSequence$1'
stack at sp + 5 slots: 0x000000071cf140e0 is an oop: net.sf.saxon.expr.sort.EmptyIntIterator 
{0x000000071cf140e0} - klass: 'net/sf/saxon/expr/sort/EmptyIntIterator'
stack at sp + 6 slots: 0x0000000745ba7930 is an oop: java.util.Stack 
{0x0000000745ba7930} - klass: 'java/util/Stack'
stack at sp + 7 slots: 0x000000010000000a is an unknown value

--------------------------------------------------------------------------------
[Constant Pool (empty)]

--------------------------------------------------------------------------------

[MachCode]
  0x000001ec88567780: 448b 5208 | 49bb 0000 | 0000 0800 | 0000 4d03 | d349 3bc2 | 0f85 664c | aef7 6690 | 0f1f 4000 
  0x000001ec885677a0: 8984 2400 | 90ff ff55 | 4881 ecc0 | 0000 0048 | 8954 2420 | 0fb6 6a14 | 85ed 0f85 | ea1f 0000 
  0x000001ec885677c0: 448b 5a24 | 478b 44dc | 0c47 8b5c | c408 448b | 5218 4181 | fb68 5603 | 000f 8531 | 1b00 004f 
  0x000001ec885677e0: 8d1c c441 | 8b6b 1085 | ed0f 8c3d | 1b00 0085 | ed0f 846d | 1a00 0041 | 8b6b 1445 | 8b44 ec0c 
  0x000001ec88567800: 4585 c00f | 863b 1b00 | 0041 8b6c | ec10 458b | 44ec 0849 | bb00 0000 | 0008 0000 | 004d 03d8 
  0x000001ec88567820: 4d8b 5b38 | 49b8 c0f1 | 6d00 0800 | 0000 4d3b | d80f 8521 | 1b00 0044 | 8b5a 1044 | 8b42 1c49 
  0x000001ec88567840: 8d0c ec44 | 8b49 0841 | 81f9 1009 | 6e00 0f85 | bc10 0000 | 438b 6cc4 | 1845 8b44 | ec08 4181 
  0x000001ec88567860: f8b0 2067 | 000f 8515 | 1c00 004d | 8d0c ec41 | 8b59 1045 | 8b44 dc0c | 453b d80f | 8d71 1f00 
  0x000001ec88567880: 008b 490c | 453b d80f | 8337 1a00 | 004d 8d04 | dc47 0fb6 | 4418 1045 | 8b4c cc08 | 4181 f968 
  0x000001ec885678a0: ef6d 000f | 85f3 1b00 | 004d 8d0c | cc41 8b69 | 0c41 8b4c | ec08 81f9 | f071 6e00 | 0f85 021c 
  0x000001ec885678c0: 0000 498d | 34ec 8b4e | 0c85 c90f | 844f 1f00 | 008b 5e1c | 8be9 ffcd | 418b 44dc | 0c3b e80f 
  0x000001ec885678e0: 8303 1a00 | 0049 8d14 | dc8b 6c8a | 0c44 3bc5 | 0f8f 561f | 0000 8b7e | 1845 8b4c | fc0c 4585 
  0x000001ec88567900: c90f 86d9 | 1b00 0041 | 8b6c fc10 | 443b c50f | 8c1a 0f00 | 0044 8bf3 | 8bd9 4489 | 5c24 2841 
  0x000001ec88567920: 8bea 498d | 0cfc 448b | eb45 33d2 | 4533 db44 | 8954 244c | 4489 5c24 | 38e9 0303 | 0000 6690 
  0x000001ec88567940: 448b 5424 | 3841 ffc2 | 453b da45 | 0f4c da4d | 8b97 1001 | 0000 4185 | 0245 3bdd | 0f85 d402 
  0x000001ec88567960: 0000 448b | d549 bb90 | 28f1 1c07 | 0000 0045 | 8b43 704d | 8bc8 49c1 | e103 4585 | d20f 84f9 
  0x000001ec88567980: 1800 004f | 8d04 d448 | 8d9c 24a0 | 0000 0049 | 8b00 48a9 | 0200 0000 | 7524 4883 | c801 4889 
  0x000001ec885679a0: 03f0 490f | b118 0f84 | 2500 0000 | 482b c448 | 81e0 07f0 | ffff 4889 | 03e9 1300 | 0000 488b 
  0x000001ec885679c0: c848 33c0 | f04c 0fb1 | 793e 48c7 | 0303 0000 | 000f 8591 | 1900 0043 | 8b5c d418 | 43ff 44d4 
  0x000001ec885679e0: 0c45 8b6c | dc0c 438b | 74d4 1049 | 8d04 dc41 | 3bf5 0f84 | 1412 0000 | 413b f50f | 838b 1800 
  0x000001ec88567a00: 008b 4808 | 81f9 8846 | 0100 0f85 | bf19 0000 | 488d 5cb0 | 1041 807f | 3000 0f85 | 3410 0000 
  0x000001ec88567a20: 4c8b db49 | 8bf9 48c1 | ef03 893b | ffc6 498b | c949 33cb | 48c1 e915 | 4885 c974 | 1f4d 85c9 
  0x000001ec88567a40: 741a 49c1 | eb09 48b9 | 00a0 64f7 | ec01 0000 | 4903 cb80 | 3908 0f85 | 2e10 0000 | 4389 74d4 
  0x000001ec88567a60: 1048 8d84 | 24a0 0000 | 0048 8138 | 0000 0000 | 0f84 7800 | 0000 4d8b | 1049 f7c2 | 0200 0000 
  0x000001ec88567a80: 7464 4833 | c049 0b82 | 8600 0000 | 7560 498b | 8296 0000 | 0049 0b82 | 8e00 0000 | 750a 49c7 
  0x000001ec88567aa0: 423e 0000 | 0000 eb46 | 4981 ba9e | 0000 0000 | 0000 0074 | 2548 33c0 | 49c7 423e | 0000 0000 
  0x000001ec88567ac0: f083 0424 | 0049 81ba | 9e00 0000 | 0000 0000 | 750d f04d | 0fb1 7a3e | 7505 83c8 | 01eb 0fa9 
  0x000001ec88567ae0: 0000 0000 | eb08 4c8b | 10f0 4d0f | b110 0f85 | 0019 0000 | 4c8b 5424 | 2041 c642 | 1401 418b 
  0x000001ec88567b00: 6a18 85ed | 0f84 aa17 | 0000 4d8d | 04ec 488d | 9c24 a000 | 0000 498b | 0048 a902 | 0000 0075 
  0x000001ec88567b20: 2448 83c8 | 0148 8903 | f049 0fb1 | 180f 8425 | 0000 0048 | 2bc4 4881 | e007 f0ff | ff48 8903 
  0x000001ec88567b40: e913 0000 | 004c 8bd8 | 4833 c0f0 | 4d0f b17b | 3e48 c703 | 0300 0000 | 0f85 dc18 | 0000 418b 
  0x000001ec88567b60: 5cec 1048 | 8d84 24a0 | 0000 0048 | 8138 0000 | 0000 0f84 | 7800 0000 | 4d8b 1049 | f7c2 0200 
  0x000001ec88567b80: 0000 7464 | 4833 c049 | 0b82 8600 | 0000 7560 | 498b 8296 | 0000 0049 | 0b82 8e00 | 0000 750a 
  0x000001ec88567ba0: 49c7 423e | 0000 0000 | eb46 4981 | ba9e 0000 | 0000 0000 | 0074 2548 | 33c0 49c7 | 423e 0000 
  0x000001ec88567bc0: 0000 f083 | 0424 0049 | 81ba 9e00 | 0000 0000 | 0000 750d | f04d 0fb1 | 7a3e 7505 | 83c8 01eb 
  0x000001ec88567be0: 0fa9 0000 | 0000 eb08 | 4c8b 10f0 | 4d0f b110 | 0f85 2118 | 0000 85db | 0f85 1508 | 0000 4c8b 
  0x000001ec88567c00: 5424 2041 | 8b6a 2085 | ed0f 85f7 | 1300 004c | 8b54 2420 | 41c7 420c | ffff ffff | 8b44 244c 
  0x000001ec88567c20: c5f8 7748 | 81c4 c000 | 0000 5d4d | 8b97 1001 | 0000 4185 | 02c3 418b | dd41 2bdb | 4489 5c24 
  0x000001ec88567c40: 3844 8bdb | 41c1 eb1f | 4403 db41 | d1fb 4403 | 5c24 3844 | 3bd8 0f83 | 6614 0000 | 428b 5c9a 
  0x000001ec88567c60: 1041 3bd8 | 0f8c d6fc | ffff 453b | d90f 83ca | 1500 0046 | 8b54 9910 | 453b d00f | 8e50 0a00 
  0x000001ec88567c80: 0045 8bd5 | 41ff ca45 | 3bda 450f | 4cd3 458b | ea44 8b5c | 2438 e9b4 | fcff ff90 | 8b74 b910 
  0x000001ec88567ca0: 3b74 2468 | 0f8d 550e | 0000 ffc7 | 413b f97c | eb43 8b6c | c424 85ed | 0f85 021c | 0000 418b 
  0x000001ec88567cc0: 6b18 85ed | 0f84 7a18 | 0000 4d8d | 0cec 488d | 9c24 a000 | 0000 498b | 0148 a902 | 0000 0075 
  0x000001ec88567ce0: 2448 83c8 | 0148 8903 | f049 0fb1 | 190f 8425 | 0000 0048 | 2bc4 4881 | e007 f0ff | ff48 8903 
  0x000001ec88567d00: e913 0000 | 004c 8bc0 | 4833 c0f0 | 4d0f b178 | 3e48 c703 | 0300 0000 | 0f85 9e18 | 0000 418b 
  0x000001ec88567d20: 4cec 1048 | 8d84 24a0 | 0000 0048 | 8138 0000 | 0000 0f84 | 7800 0000 | 4d8b 1149 | f7c2 0200 
  0x000001ec88567d40: 0000 7464 | 4833 c049 | 0b82 8600 | 0000 7560 | 498b 8296 | 0000 0049 | 0b82 8e00 | 0000 750a 
  0x000001ec88567d60: 49c7 423e | 0000 0000 | eb46 4981 | ba9e 0000 | 0000 0000 | 0074 2548 | 33c0 49c7 | 423e 0000 
  0x000001ec88567d80: 0000 f083 | 0424 0049 | 81ba 9e00 | 0000 0000 | 0000 750d | f04d 0fb1 | 7a3e 7505 | 83c8 01eb 
  0x000001ec88567da0: 0fa9 0000 | 0000 eb08 | 4c8b 10f0 | 4d0f b111 | 0f85 3518 | 0000 458b | 4324 438b | 6cc4 0c45 
  0x000001ec88567dc0: 8b54 ec08 | 4181 fa68 | 5603 000f | 8547 1800 | 004d 8d14 | ec41 8b6a | 103b cd0f | 8dc6 0d00 
  0x000001ec88567de0: 0085 ed0f | 8c4b 1800 | 003b cd0f | 8363 1700 | 0045 8b42 | 1447 8b54 | c40c 413b | ca0f 8371 
  0x000001ec88567e00: 1700 004f | 8d14 c445 | 8b4c 8a10 | 478b 44cc | 0849 ba00 | 0000 0008 | 0000 004d | 03d0 4d8b 
  0x000001ec88567e20: 5238 49b8 | c0f1 6d00 | 0800 0000 | 4d3b d00f | 851f 1800 | 0041 8b4b | 1c4b 8d14 | cc44 8b42 
  0x000001ec88567e40: 0841 81f8 | a00d 6e00 | 0f85 2c0a | 0000 458b | 54cc 1847 | 8b4c d408 | 4489 4c24 | 2044 8954 
  0x000001ec88567e60: 2430 894c | 2424 4c89 | 5c24 2848 | 8954 2438 | 448b 420c | 448b 5424 | 6845 03d0 | 4489 5424 
  0x000001ec88567e80: 3444 8b5c | 2430 4f8d | 14dc 4c89 | 5424 4041 | 81f9 b020 | 6700 0f85 | 8608 0000 | 4c8b 5424 
  0x000001ec88567ea0: 4045 8b52 | 1043 8b44 | d40c 49ba | 9028 f11c | 0700 0000 | 458b 5a70 | 498b fb48 | c1e7 0344 
  0x000001ec88567ec0: 8b5c 2434 | 443b d80f | 8fbf 0000 | 0044 8b54 | 2424 478b | 54d4 1447 | 8b5c d420 | 430f b66c 
  0x000001ec88567ee0: dc0c 85ed | 0f85 571c | 0000 4585 | c00f 8e5b | 0a00 0044 | 8b5c 2420 | 4181 fbb0 | 2067 000f 
  0x000001ec88567f00: 8560 0800 | 004c 8b4c | 2440 458b | 6910 438b | 5cec 0c4c | 8b54 2438 | 458b 5a10 | 478b 54dc 
  0x000001ec88567f20: 0841 81fa | b020 6700 | 0f85 6619 | 0000 4f8d | 14dc 418b | 5210 458b | 5cd4 0c45 | 85db 0f86 
  0x000001ec88567f40: 5019 0000 | 4d63 d34d | 63d8 49ff | cb4d 3bda | 0f83 3e19 | 0000 4b8d | 34ec 498d | 04d4 448b 
  0x000001ec88567f60: 7424 6833 | d2c5 f96e | c244 3bf3 | 0f83 fe18 | 0000 460f | b654 3610 | c4c1 797e | c342 0fb6 
  0x000001ec88567f80: 4c18 1044 | 3bd1 0f84 | 2209 0000 | 4889 7c24 | 6848 8b4c | 2428 448b | 5118 4585 | d20f 84f1 
  0x000001ec88567fa0: 1500 004f | 8d0c d448 | 8d9c 24a0 | 0000 0049 | 8b01 48a9 | 0200 0000 | 7524 4883 | c801 4889 
  0x000001ec88567fc0: 03f0 490f | b119 0f84 | 2500 0000 | 482b c448 | 81e0 07f0 | ffff 4889 | 03e9 1300 | 0000 4c8b 
  0x000001ec88567fe0: c048 33c0 | f04d 0fb1 | 783e 48c7 | 0303 0000 | 000f 856d | 1600 0047 | 8b44 d418 | 43ff 44d4 
  0x000001ec88568000: 0c47 8b5c | c40c 4489 | 5c24 3844 | 8944 242c | 4c89 4c24 | 3048 894c | 2420 478b | 44d4 1044 
  0x000001ec88568020: 8944 243c | 4489 5424 | 2844 8b5c | 242c 4f8d | 14dc 4c89 | 5424 4044 | 3b44 2438 | 0f84 b50d 
  0x000001ec88568040: 0000 448b | 5424 3c44 | 3b54 2438 | 0f83 5215 | 0000 4c8b | 4424 4045 | 8b58 0841 | 81fb 8846 
  0x000001ec88568060: 0100 0f85 | 2e16 0000 | 4b8d 6c90 | 1041 807f | 3000 0f85 | ac0a 0000 | 458b ca4c | 8bd5 4c8b 
  0x000001ec88568080: 5c24 6849 | c1eb 0344 | 895d 0041 | ffc1 418b | d94c 8b5c | 2468 4d33 | da49 c1eb | 154d 85db 
  0x000001ec885680a0: 0f84 740a | 0000 4c8b | 5c24 684d | 85db 741a | 49c1 ea09 | 48b9 00a0 | 64f7 ec01 | 0000 4903 
  0x000001ec885680c0: ca80 3908 | 0f85 960a | 0000 448b | 5424 2843 | 895c d410 | 4c8b 4424 | 3048 8d84 | 24a0 0000 
  0x000001ec885680e0: 0048 8138 | 0000 0000 | 0f84 7800 | 0000 4d8b | 1049 f7c2 | 0200 0000 | 7464 4833 | c049 0b82 
  0x000001ec88568100: 8600 0000 | 7560 498b | 8296 0000 | 0049 0b82 | 8e00 0000 | 750a 49c7 | 423e 0000 | 0000 eb46 
  0x000001ec88568120: 4981 ba9e | 0000 0000 | 0000 0074 | 2548 33c0 | 49c7 423e | 0000 0000 | f083 0424 | 0049 81ba 
  0x000001ec88568140: 9e00 0000 | 0000 0000 | 750d f04d | 0fb1 7a3e | 7505 83c8 | 01eb 0fa9 | 0000 0000 | eb08 4c8b 
  0x000001ec88568160: 10f0 4d0f | b110 0f85 | 4815 0000 | 4c89 5c24 | 2849 8bd3 | 4c8b 5424 | 2049 8bea | 6690 c5f8 
  0x000001ec88568180: 7748 b880 | f871 9bec | 0100 00e8 | 308e b9f7 | 85c0 740a | 488b 5424 | 28e9 f503 | 0000 4c8b 
  0x000001ec885681a0: 5424 2045 | 8b52 1845 | 85d2 0f84 | b20f 0000 | 4f8d 0cd4 | 488d 9c24 | a000 0000 | 498b 0148 
  0x000001ec885681c0: a902 0000 | 0075 2448 | 83c8 0148 | 8903 f049 | 0fb1 190f | 8425 0000 | 0048 2bc4 | 4881 e007 
  0x000001ec885681e0: f0ff ff48 | 8903 e913 | 0000 004c | 8bc0 4833 | c0f0 4d0f | b178 3e48 | c703 0300 | 0000 0f85 
  0x000001ec88568200: a00f 0000 | 478b 5cd4 | 1045 85db | 0f84 e314 | 0000 458b | c341 ffc8 | 453b c30f | 8df7 1400 
  0x000001ec88568220: 0043 8b6c | d418 418b | 5cec 0c44 | 3bc3 0f83 | 3c0f 0000 | 4d8d 2cec | 438b 6c9d | 0c45 3bc3 
  0x000001ec88568240: 0f8d f614 | 0000 4585 | c00f 8c11 | 1500 0041 | 807f 3000 | 0f85 7f07 | 0000 4789 | 44d4 1047 
  0x000001ec88568260: 8964 9d0c | 478b 44d4 | 0c41 ffc0 | 4789 44d4 | 0c48 8d84 | 24a0 0000 | 0048 8138 | 0000 0000 
  0x000001ec88568280: 0f84 7800 | 0000 4d8b | 1149 f7c2 | 0200 0000 | 7464 4833 | c049 0b82 | 8600 0000 | 7560 498b 
  0x000001ec885682a0: 8296 0000 | 0049 0b82 | 8e00 0000 | 750a 49c7 | 423e 0000 | 0000 eb46 | 4981 ba9e | 0000 0000 
  0x000001ec885682c0: 0000 0074 | 2548 33c0 | 49c7 423e | 0000 0000 | f083 0424 | 0049 81ba | 9e00 0000 | 0000 0000 
  0x000001ec885682e0: 750d f04d | 0fb1 7a3e | 7505 83c8 | 01eb 0fa9 | 0000 0000 | eb08 4c8b | 10f0 4d0f | b111 0f85 
  0x000001ec88568300: cf0e 0000 | 4c8b 5424 | 2041 8b6a | 184d 8b87 | 1001 0000 | 4185 0085 | ed0f 8475 | 0e00 004d 
  0x000001ec88568320: 8d04 ec48 | 8d9c 24a0 | 0000 0049 | 8b00 48a9 | 0200 0000 | 7524 4883 | c801 4889 | 03f0 490f 
  0x000001ec88568340: b118 0f84 | 2500 0000 | 482b c448 | 81e0 07f0 | ffff 4889 | 03e9 1300 | 0000 4c8b | d048 33c0 
  0x000001ec88568360: f04d 0fb1 | 7a3e 48c7 | 0303 0000 | 000f 8583 | 0e00 0041 | 8b5c ec10 | 488d 8424 | a000 0000 
  0x000001ec88568380: 4881 3800 | 0000 000f | 8478 0000 | 004d 8b10 | 49f7 c202 | 0000 0074 | 6448 33c0 | 490b 8286 
  0x000001ec885683a0: 0000 0075 | 6049 8b82 | 9600 0000 | 490b 828e | 0000 0075 | 0a49 c742 | 3e00 0000 | 00eb 4649 
  0x000001ec885683c0: 81ba 9e00 | 0000 0000 | 0000 7425 | 4833 c049 | c742 3e00 | 0000 00f0 | 8304 2400 | 4981 ba9e 
  0x000001ec885683e0: 0000 0000 | 0000 0075 | 0df0 4d0f | b17a 3e75 | 0583 c801 | eb0f a900 | 0000 00eb | 084c 8b10 
  0x000001ec88568400: f04d 0fb1 | 100f 850f | 0e00 0085 | db0f 84eb | f7ff ff4c | 8b54 2420 | 458b 5a18 | 4585 db0f 
  0x000001ec88568420: 84c3 0c00 | 004f 8d0c | dc48 8d9c | 24a0 0000 | 0049 8b01 | 48a9 0200 | 0000 7524 | 4883 c801 
  0x000001ec88568440: 4889 03f0 | 490f b119 | 0f84 2500 | 0000 482b | c448 81e0 | 07f0 ffff | 4889 03e9 | 1300 0000 
  0x000001ec88568460: 4c8b c048 | 33c0 f04d | 0fb1 783e | 48c7 0303 | 0000 000f | 8597 0c00 | 0043 8b5c | dc10 85db 
  0x000001ec88568480: 0f84 8610 | 0000 448b | d341 ffca | 443b d30f | 8d8f 1000 | 0043 8b6c | dc18 458b | 44ec 0c45 
  0x000001ec885684a0: 3bd0 0f83 | 500c 0000 | 4d8d 14ec | 418b 6c9a | 0c48 8d84 | 24a0 0000 | 0048 8138 | 0000 0000 
  0x000001ec885684c0: 0f84 7800 | 0000 4d8b | 1149 f7c2 | 0200 0000 | 7464 4833 | c049 0b82 | 8600 0000 | 7560 498b 
  0x000001ec885684e0: 8296 0000 | 0049 0b82 | 8e00 0000 | 750a 49c7 | 423e 0000 | 0000 eb46 | 4981 ba9e | 0000 0000 
  0x000001ec88568500: 0000 0074 | 2548 33c0 | 49c7 423e | 0000 0000 | f083 0424 | 0049 81ba | 9e00 0000 | 0000 0000 
  0x000001ec88568520: 750d f04d | 0fb1 7a3e | 7505 83c8 | 01eb 0fa9 | 0000 0000 | eb08 4c8b | 10f0 4d0f | b111 0f85 
  0x000001ec88568540: fb0b 0000 | 458b 5cec | 0848 be00 | 0000 0008 | 0000 0049 | 03f3 4c8b | 5620 49bb | d03b 6300 
  0x000001ec88568560: 0800 0000 | 4d3b d30f | 8502 0100 | 0048 c1e5 | 0348 8bd5 | 6690 c5f8 | 7748 b850 | fe71 9bec 
  0x000001ec88568580: 0100 00e8 | 388a b9f7 | 85c0 0f84 | 0efc ffff | 488b d544 | 8b5a 0841 | 81fb 587c | 2f00 0f85 
  0x000001ec885685a0: c40a 0000 | c642 1001 | 448b 5a0c | 4489 5c24 | 684c 8b5c | 2420 458b | 431c 438b | 4cc4 2041 
  0x000001ec885685c0: 8b7c cc10 | 458b 4cfc | 0c45 85c9 | 0f86 dff6 | ffff 418b | d9ff cb41 | 3bd9 0f83 | 9c11 0000 
  0x000001ec885685e0: 418b 74fc | 1041 8b6c | cc14 3b74 | 2468 0f8d | f304 0000 | 498d 0cfc | 83fb 010f | 8e9f 1100 
  0x000001ec88568600: 004f 8d2c | c4bf 0100 | 0000 418b | c12b c7ff | c83b df0f | 4c44 244c | 81f8 d007 | 0000 bad0 
  0x000001ec88568620: 0700 000f | 47c2 03c7 | 0f1f 8400 | 0000 0000 | 8b74 b910 | 3b74 2468 | 0f8d 2002 | 0000 8b74 
  0x000001ec88568640: b914 3b74 | 2468 0f8d | f001 0000 | 83c7 023b | f87c dd4d | 8b97 1001 | 0000 4185 | 023b fb7c 
  0x000001ec88568660: a941 3bf9 | 0f8c 32f6 | ffff e942 | f6ff ff48 | b8d0 3b63 | 0008 0000 | 0050 488b | c048 8b7e 
  0x000001ec88568680: 288b 0f48 | 83c7 0848 | 85c0 f248 | af58 0f85 | 0400 0000 | 4889 4620 | 0f84 cffe | ffff 4180 
  0x000001ec885686a0: 7f30 000f | 851c 0900 | 0049 ba00 | 0000 1307 | 0000 0045 | 8962 1448 | ba00 0000 | 1307 0000 
  0x000001ec885686c0: 00c5 f877 | 4881 c4c0 | 0000 005d | e92f c8b9 | f74d 8b8f | 2001 0000 | 4d8b d149 | 83c2 184d 
  0x000001ec885686e0: 3b97 3001 | 0000 0f83 | 9909 0000 | 4d89 9720 | 0100 0041 | 0f18 8200 | 0100 0049 | c701 0100 
  0x000001ec88568700: 0000 41c7 | 4108 587c | 2f00 4d89 | 6110 448b | 5424 2841 | ffc2 4589 | 510c 448b | d5e9 58f2 
  0x000001ec88568720: ffff 4181 | f950 2667 | 000f 8521 | 1400 004c | 8b54 2440 | 498b ca45 | 8b4a 1047 | 8b54 cc08 
  0x000001ec88568740: 4b8d 14cc | 4181 fa98 | 1b00 000f | 8557 0200 | 0044 8b5a | 1443 8b44 | dc0c 0fbe | 4a10 d3f8 
  0x000001ec88568760: e945 f7ff | ff41 81fb | 5026 6700 | 0f85 2211 | 0000 4c8b | 5c24 4044 | 8b54 2468 | 4533 c944 
  0x000001ec88568780: 894c 2450 | 4c89 5c24 | 4045 8b43 | 1047 8b5c | c408 4b8d | 14c4 4181 | fb98 1b00 | 000f 858c 
  0x000001ec885687a0: 0200 0044 | 8b42 1449 | 63ca 807a | 1000 0f85 | ec08 0000 | 478b 5cc4 | 0c45 3bd3 | 0f83 5a14 
  0x000001ec885687c0: 0000 4f8d | 14c4 450f | b654 0a10 | 4c8b 5c24 | 3841 8b6b | 1045 8b44 | ec08 4181 | f8b0 2067 
  0x000001ec885687e0: 000f 85d1 | 1300 004d | 8d1c ec41 | 8b6b 1045 | 8b5c ec0c | 448b 4424 | 5045 3bc3 | 0f83 9a13 
  0x000001ec88568800: 0000 4d8d | 1cec 470f | b644 0310 | 453b d00f | 84b4 0300 | 0049 ba90 | 28f1 1c07 | 0000 0045 
  0x000001ec88568820: 8b5a 7049 | 8bfb 48c1 | e703 e95d | f7ff ff45 | 33c0 4489 | 4424 4ce9 | 29f1 ffff | 448b d741 
  0x000001ec88568840: ffc2 418b | 54ec 0c44 | 3bd2 0f83 | a313 0000 | 4d8d 14ec | 4189 74ba | 14e9 eefd | ffff 458b 
  0x000001ec88568860: 54ec 0c41 | 3bfa 0f83 | 8413 0000 | 4d8d 14ec | 4189 74ba | 10e9 c4fd | ffff 4c89 | 5c24 284c 
  0x000001ec88568880: 8bc1 49c1 | e003 448b | 4c24 684c | 895c 2420 | 6690 c5f8 | 7748 b8ff | ffff ffff | ffff ffe8 
  0x000001ec885688a0: 5c86 b9f7 | 4889 4424 | 68e9 e3f6 | ffff 458b | d844 2bda | 443b c244 | 0f4c 5c24 | 4cc5 f97e 
  0x000001ec885688c0: c103 4c24 | 68ff c144 | 8bf1 41ba | e803 0000 | 4181 fbe8 | 0300 0045 | 0f47 da44 | 03da c4c1 
  0x000001ec885688e0: 797e c241 | ffc2 c4c1 | 796e c245 | 3bd3 0f8c | 75f6 ffff | 4d8b 9710 | 0100 0041 | 8502 c4c1 
  0x000001ec88568900: 797e c245 | 3bd0 7d46 | 418b d2e9 | 55f6 ffff | 4489 5424 | 2848 8bea | 49c1 e003 | 488b d145 
  0x000001ec88568920: 8bcb c5f8 | 7748 b8ff | ffff ffff | ffff ffe8 | cc85 b9f7 | 4889 6c24 | 2044 8b54 | 2428 4c8b 
  0x000001ec88568940: c845 33c0 | 4489 4424 | 4ce9 2cf0 | ffff 498b | 8720 0100 | 004c 8bd0 | 4983 c218 | 4d3b 9730 
  0x000001ec88568960: 0100 000f | 83ba 1100 | 004d 8997 | 2001 0000 | 410f 1882 | 0001 0000 | 48c7 0001 | 0000 00c7 
  0x000001ec88568980: 4008 587c | 2f00 4489 | 600c 4c89 | 6010 488b | f84c 8b54 | 2438 458b | 5a0c 4403 | 5c24 6844 
  0x000001ec885689a0: 8958 0ce9 | e4f5 ffff | 448b 5424 | 244b 8d2c | d448 894c | 2460 c5f8 | 7748 b8f0 | f47d 9aec 
  0x000001ec885689c0: 0100 00e8 | f885 b9f7 | 4c8b 5424 | 3845 8b52 | 0c45 8bc2 | e9d1 f4ff | ff85 ed0f | 8479 f8ff 
  0x000001ec885689e0: ff44 8944 | 2434 4489 | 5c24 304c | 894c 2428 | 458b f24d | 8b57 3848 | 8bcd 48c1 | e103 4d85 
  0x000001ec88568a00: d20f 84d6 | 0c00 004d | 8b5f 484b | 894c 13f8 | 4983 c2f8 | 4d89 5738 | 458b d64c | 8b4c 2428 
  0x000001ec88568a20: 448b 5c24 | 3044 8b44 | 2434 e92b | f8ff ff45 | 8bc2 488b | 6c24 2866 | 6690 c5f8 | 7748 b820 
  0x000001ec88568a40: f57d 9aec | 0100 00e8 | 5c88 b9f7 | 448b d0e9 | 78fd ffff | 448b 1b45 | 85db 0f84 | c0ef ffff 
  0x000001ec88568a60: 498b 7f38 | 498b cb48 | c1e1 0348 | 85ff 0f84 | 440d 0000 | 4d8b 5f48 | 4989 4c3b | f848 83c7 
  0x000001ec88568a80: f849 897f | 38e9 96ef | ffff 4d8b | 5f68 4d8b | 4f78 f083 | 4424 c000 | 8039 000f | 84bb efff 
  0x000001ec88568aa0: ff44 8821 | 4d85 db75 | 2c89 7424 | 284d 8bf0 | 458b ea49 | 8bd7 c5f8 | 7749 ba00 | cfee fffa 
  0x000001ec88568ac0: 7f00 0041 | ffd2 458b | d54d 8bc6 | 8b74 2428 | e987 efff | ff4b 894c | 19f8 4983 | c3f8 4d89 
  0x000001ec88568ae0: 5f68 e975 | efff ff45 | 8b54 ec0c | 4585 d20f | 864b 1100 | 0041 8974 | ec10 e9f5 | faff ff41 
  0x000001ec88568b00: 8b5c ec0c | 3bfb 0f83 | ea10 0000 | 4d8d 14ec | 4189 74ba | 10e9 90f1 | ffff 4c8b | 5c24 68e9 
  0x000001ec88568b20: a6f5 ffff | 448b 4500 | 4585 c074 | 2b41 8bda | 4d8b 5738 | 498b c848 | c1e1 034d | 85d2 0f84 
  0x000001ec88568b40: 640d 0000 | 4d8b 5f48 | 4b89 4c13 | f849 83c2 | f84d 8957 | 3844 8bd3 | 458b cae9 | 1bf5 ffff 
  0x000001ec88568b60: 4d8b 5768 | 4d8b 5f78 | f083 4424 | c000 8039 | 0074 2a44 | 8821 4d85 | d274 0f4b | 894c 13f8 
  0x000001ec88568b80: 4983 c2f8 | 4d89 5768 | eb13 498b | d7c5 f877 | 49ba 00cf | eeff fa7f | 0000 41ff | d24c 8b5c 
  0x000001ec88568ba0: 2468 e923 | f5ff ff44 | 8b44 2468 | 4589 430c | 4585 c00f | 8c63 f0ff | ff41 bb01 | 0000 0044 
  0x000001ec88568bc0: 895c 244c | e953 f0ff | ff4d 8b97 | 1001 0000 | 4c8b 5c24 | 3845 8b43 | 0c44 8b4c | 2450 41ff 
  0x000001ec88568be0: c141 8502 | 453b c80f | 8d61 fdff | ff44 8b5c | 2450 4403 | 5c24 6845 | 8bd3 41ff | c244 894c 
  0x000001ec88568c00: 2450 4c8b | 5c24 40e9 | 78fb ffff | 448b de45 | 2bdd 438b | 4cd4 1441 | ffc3 85c9 | 0f8f 6811 
  0x000001ec88568c20: 0000 453b | dd41 8bcb | 410f 4ccd | 4103 cd8b | e981 c509 | 0000 8085 | ed0f 8f81 | 1100 0041 
  0x000001ec88568c40: 8b7c dc08 | 48ba 0000 | 0000 0800 | 0000 4803 | d74c 8b5a | 7049 8b2b | 85c9 0f8c | 5410 0000 
  0x000001ec88568c60: 4889 4424 | 5089 7424 | 4844 896c | 2444 895c | 2440 4c89 | 4424 384c | 894c 2430 | 4889 4424 
  0x000001ec88568c80: f88b 4424 | 4c89 4424 | 2c48 8b44 | 24f8 4489 | 5424 2844 | 8b52 144d | 63da 4e8b | 1c1a 493b 
  0x000001ec88568ca0: d30f 8586 | 0300 0044 | 8bd9 4489 | 5c24 4c4d | 63d3 49c1 | e202 4983 | c217 4c89 | 5424 5841 
  0x000001ec88568cc0: 81fb 0000 | 0400 0f87 | b00e 0000 | 4d8b 9720 | 0100 004d | 8bc2 4c8b | 5c24 5849 | 83e3 f84d 
  0x000001ec88568ce0: 03d3 4d3b | 9730 0100 | 000f 838d | 0e00 004d | 8997 2001 | 0000 410f | 1882 0001 | 0000 4d8b 
  0x000001ec88568d00: c849 c701 | 0100 0000 | 4189 7908 | 8b5c 244c | 4189 590c | 410f 1882 | 4001 0000 | 410f 1882 
  0x000001ec88568d20: 8001 0000 | 448b 5424 | 4444 3bd3 | 8bcb 410f | 4cca 4d8b | d149 83c2 | 1048 8b7c | 2458 48c1 
  0x000001ec88568d40: ef03 498b | e948 c1ed | 0385 c90f | 84f4 0e00 | 0044 8b5c | 2440 4f8d | 5cdc 104c | 63c1 3bcb 
  0x000001ec88568d60: 0f8c 760b | 0000 448b | eb4d 8bf1 | 498b cb49 | 8bd2 c5f8 | 7749 ba00 | 1e03 80ec | 0100 0041 
  0x000001ec88568d80: ffd2 418b | dd4d 8bce | 4180 7f30 | 000f 85e5 | 0b00 0044 | 8b54 2428 | 4389 6cd4 | 184d 8bd9 
  0x000001ec88568da0: 4c8b 4424 | 3849 8bf8 | 4c33 df49 | c1eb 154d | 85db 741a | 48c1 ef09 | 48b9 00a0 | 64f7 ec01 
  0x000001ec88568dc0: 0000 4803 | cf80 3908 | 0f85 e70b | 0000 4d8b | d948 8944 | 24f8 8b44 | 242c 8944 | 244c 488b 
  0x000001ec88568de0: 4424 f84c | 8b4c 2430 | 448b eb8b | 7424 4849 | 8bc3 e901 | ecff ff45 | 8bd8 442b | 5c24 3844 
  0x000001ec88568e00: 8b54 2428 | 478b 54d4 | 1445 8bc2 | 41ff c345 | 8bcb 4585 | d20f 8fed | 0f00 0044 | 3b5c 2438 
  0x000001ec88568e20: 458b d344 | 0f4c 5424 | 3845 8bda | 4403 5c24 | 3841 8bcb | 418b eb81 | c509 0000 | 8085 ed0f 
  0x000001ec88568e40: 8fdf 0f00 | 0044 8b54 | 242c 478b | 44d4 0848 | ba00 0000 | 0008 0000 | 0049 03d0 | 4c8b 5270 
  0x000001ec88568e60: 498b 2a45 | 85db 0f8c | e20e 0000 | 448b 5214 | 4d63 da4e | 8b1c 1a49 | 3bd3 0f85 | cc01 0000 
  0x000001ec88568e80: 448b d944 | 895c 2448 | 4d63 d349 | c1e2 0249 | 83c2 174c | 8954 2450 | 4181 fb00 | 0004 000f 
  0x000001ec88568ea0: 872f 0d00 | 004d 8b97 | 2001 0000 | 4d8b ca4c | 8b54 2450 | 4983 e2f8 | 4d8b d94d | 03da 4d3b 
  0x000001ec88568ec0: 9f30 0100 | 000f 8309 | 0d00 004d | 899f 2001 | 0000 410f | 1883 0001 | 0000 4d8b | d149 c702 
  0x000001ec88568ee0: 0100 0000 | 4589 4208 | 448b 5424 | 4845 8951 | 0c41 0f18 | 8340 0100 | 0041 0f18 | 8380 0100 
  0x000001ec88568f00: 004d 8bd1 | 498b da44 | 8b5c 2438 | 443b 5c24 | 4844 8b54 | 2448 450f | 4cd3 4c8b | db49 83c3 
  0x000001ec88568f20: 104c 8b44 | 2450 49c1 | e803 4d8b | c848 8beb | 48c1 ed03 | 4585 d20f | 849f 0d00 | 0044 8b44 
  0x000001ec88568f40: 242c 4f8d | 44c4 1049 | 8bd0 4d63 | c244 3b54 | 2448 0f8c | be0a 0000 | 488b ca49 | 8bd3 c5f8 
  0x000001ec88568f60: 7749 ba00 | 1e03 80ec | 0100 0041 | ffd2 4180 | 7f30 000f | 8524 0b00 | 0044 8b54 | 2428 4389 
  0x000001ec88568f80: 6cd4 184c | 8bd3 4c8b | 5c24 304d | 33d3 49c1 | ea15 4d85 | d274 1a49 | c1eb 0948 | b900 a064 
  0x000001ec88568fa0: f7ec 0100 | 0049 03cb | 8039 080f | 8529 0b00 | 0048 895c | 2440 448b | 5c24 4844 | 895c 2438 
  0x000001ec88568fc0: e97d f0ff | ff49 ba00 | 0000 1307 | 0000 0045 | 8b5a 1445 | 85db 0f84 | cdf6 ffff | 4d8b 5738 
  0x000001ec88568fe0: 498b cb48 | c1e1 034d | 85d2 0f84 | 740b 0000 | 4d8b 5f48 | 4b89 4c13 | f849 83c2 | f84d 8957 
  0x000001ec88569000: 38e9 a3f6 | ffff 458b | 521c 4585 | d20f 8439 | 0e00 004b | 8d14 d44c | 8bc5 49c1 | e003 6690 
  0x000001ec88569020: c5f8 77e8 | 9860 fdff | e9e2 ebff | ff41 83fa | 200f 8470 | fcff ffba | dcff ffff | 8974 2444 
  0x000001ec88569040: 894c 244c | c5f8 77e8 | 3453 aef7 | 4183 fa20 | 0f84 2afe | ffff badc | ffff ff89 | 4c24 6490 
  0x000001ec88569060: c5f8 77e8 | 1853 aef7 | 6690 c5f8 | 7748 b8a8 | b42f 0008 | 0000 00e8 | a476 a2ff | 8944 2468 
  0x000001ec88569080: e92c f5ff | ff48 ba58 | 7c2f 0008 | 0000 0090 | c5f8 77e8 | 688a b9f7 | 4c8b c8e9 | 6ef6 ffff 
  0x000001ec885690a0: 438b 6cc4 | 0cd1 fd44 | 3bd5 0f83 | ac0d 0000 | 4f8d 14c4 | 450f b75c | 4a10 458b | d3e9 0af7 
  0x000001ec885690c0: ffff bae4 | ffff ff48 | 8974 2430 | 4489 4424 | 2c44 896c | 243c 4489 | 7424 4444 | 895c 2448 
  0x000001ec885690e0: c5f8 77e8 | 9852 aef7 | baf6 ffff | ff66 6690 | c5f8 77e8 | 8852 aef7 | bae4 ffff | ff44 895c 
  0x000001ec88569100: 243c 4489 | 5424 4090 | c5f8 77e8 | 7052 aef7 | 4c89 4c24 | 3044 895c | 242c 498b | d14c 8d84 
  0x000001ec88569120: 24a0 0000 | 0066 6690 | c5f8 77e8 | d0b4 b9f7 | 448b 5c24 | 2c4c 8b4c | 2430 e93a | f3ff ff49 
  0x000001ec88569140: 8bc9 488d | 9424 a000 | 0000 4d8b | c7c5 f877 | 49ba 80fd | 2d00 fb7f | 0000 41ff | d2e9 e2f3 
  0x000001ec88569160: ffff baf6 | ffff ff90 | c5f8 77e8 | 1052 aef7 | bae4 ffff | ff44 895c | 243c 4489 | 5424 4044 
  0x000001ec88569180: 8954 2444 | 4489 4424 | 4c66 6690 | c5f8 77e8 | ec51 aef7 | baf6 ffff | ff66 6690 | c5f8 77e8 
  0x000001ec885691a0: dc51 aef7 | 4c89 4c24 | 3044 8954 | 2428 498b | d14c 8d84 | 24a0 0000 | 0066 6690 | c5f8 77e8 
  0x000001ec885691c0: 3cb4 b9f7 | 448b 5424 | 284c 8b4c | 2430 e931 | f0ff ff49 | 8bc9 488d | 9424 a000 | 0000 4d8b 
  0x000001ec885691e0: c7c5 f877 | 49ba 80fd | 2d00 fb7f | 0000 41ff | d2e9 0ef1 | ffff 4c89 | 4424 2849 | 8bd0 4c8d 
  0x000001ec88569200: 8424 a000 | 0000 6690 | c5f8 77e8 | f0b3 b9f7 | 4c8b 4424 | 28e9 59f1 | ffff 498b | c848 8d94 
  0x000001ec88569220: 24a0 0000 | 004d 8bc7 | c5f8 7749 | ba80 fd2d | 00fb 7f00 | 0041 ffd2 | e9ce f1ff | ffba e4ff 
  0x000001ec88569240: ffff 4889 | 7424 3044 | 8944 242c | 4489 6c24 | 3c89 7c24 | 4444 895c | 2448 6690 | c5f8 77e8 
  0x000001ec88569260: 1c51 aef7 | bae4 ffff | ff44 8954 | 2428 4c89 | 5c24 3090 | c5f8 77e8 | 0451 aef7 | baf6 ffff 
  0x000001ec88569280: ff49 8be9 | c5f8 77e8 | f450 aef7 | bae4 ffff | ff48 8b6c | 2420 4489 | 5424 2c48 | 8944 2438 
  0x000001ec885692a0: 8974 2434 | 4c89 4c24 | 4066 6690 | c5f8 77e8 | cc50 aef7 | baf6 ffff | ff66 6690 | c5f8 77e8 
  0x000001ec885692c0: bc50 aef7 | bae4 ffff | ff48 8b6c | 2420 4489 | 5424 2089 | 4c24 2889 | 5c24 2c44 | 895c 2430 
  0x000001ec885692e0: c5f8 77e8 | 9850 aef7 | bae4 ffff | ff44 8954 | 2428 4489 | 5c24 2c48 | 8974 2430 | 4489 4424 
  0x000001ec88569300: 3c89 5c24 | 4066 6690 | c5f8 77e8 | 7050 aef7 | bade ffff | ff48 8b6c | 2420 4489 | 5424 2044 
  0x000001ec88569320: 8944 2424 | c5f8 77e8 | 5450 aef7 | bacc ffff | ff44 8954 | 2428 4c89 | 5c24 3090 | c5f8 77e8 
  0x000001ec88569340: 3c50 aef7 | bae4 ffff | ff44 8954 | 2428 6690 | c5f8 77e8 | 2850 aef7 | bade ffff | ff66 6690 
  0x000001ec88569360: c5f8 77e8 | 1850 aef7 | 4c89 4424 | 384c 894c | 2430 4889 | 4424 f88b | 4424 4c89 | 4424 2c48 
  0x000001ec88569380: 8b44 24f8 | 4489 5424 | 2848 8b6c | 2420 498b | d04c 8d84 | 24a0 0000 | 0066 6690 | c5f8 77e8 
  0x000001ec885693a0: 5cb2 b9f7 | 4889 6c24 | 2044 8b54 | 2428 4889 | 4424 f88b | 4424 2c89 | 4424 4c48 | 8b44 24f8 
  0x000001ec885693c0: 4c8b 4c24 | 304c 8b44 | 2438 e908 | e6ff ffba | d6ff ffff | 488b 6c24 | 2044 8954 | 242c 4889 
  0x000001ec885693e0: 4424 3889 | 7424 344c | 894c 2440 | c5f8 77e8 | 8c4f aef7 | 498b c848 | 8d94 24a0 | 0000 004d 
  0x000001ec88569400: 8bc7 c5f8 | 7749 ba80 | fd2d 00fb | 7f00 0041 | ffd2 e9dd | e6ff ff49 | 8bc8 488d | 9424 a000 
  0x000001ec88569420: 0000 4d8b | c7c5 f877 | 49ba 80fd | 2d00 fb7f | 0000 41ff | d2e9 bce7 | ffff 4c89 | 4424 3048 
  0x000001ec88569440: 8944 24f8 | 8b44 244c | 8944 2428 | 488b 4424 | f849 8bd0 | 4c8d 8424 | a000 0000 | c5f8 77e8 
  0x000001ec88569460: 9cb1 b9f7 | 4889 4424 | f88b 4424 | 2889 4424 | 4c48 8b44 | 24f8 4c8b | 4424 30e9 | dee6 ffff 
  0x000001ec88569480: bade ffff | ff44 8954 | 2428 4889 | 4c24 3044 | 895c 2438 | c5f8 77e8 | e44e aef7 | bade ffff 
  0x000001ec885694a0: ff48 8b6c | 2420 4489 | 5424 2044 | 895c 2424 | 894c 2428 | 4489 4424 | 2c66 6690 | c5f8 77e8 
  0x000001ec885694c0: bc4e aef7 | bade ffff | ff44 8954 | 2428 4489 | 5c24 2c44 | 8944 2430 | c5f8 77e8 | a04e aef7 
  0x000001ec885694e0: bae4 ffff | ff48 8b6c | 2420 4489 | 5424 2044 | 895c 2424 | 4889 7424 | 2844 8944 | 2434 897c 
  0x000001ec88569500: 2438 6690 | c5f8 77e8 | 744e aef7 | ba45 ffff | ff89 5c24 | 3844 895c | 243c 6690 | c5f8 77e8 
  0x000001ec88569520: 5c4e aef7 | ba45 ffff | ff44 895c | 2434 4489 | 5424 3c89 | 5c24 4044 | 895c 2444 | c5f8 77e8 
  0x000001ec88569540: 3c4e aef7 | baf6 ffff | ff66 6690 | c5f8 77e8 | 2c4e aef7 | bae4 ffff | ff4c 895c | 2430 4c89 
  0x000001ec88569560: 5c24 384c | 8954 2440 | 894c 2448 | c5f8 77e8 | 0c4e aef7 | bae4 ffff | ff4c 895c | 2428 4c89 
  0x000001ec88569580: 5c24 3044 | 8944 2438 | 894c 243c | c5f8 77e8 | ec4d aef7 | baf6 ffff | ff66 6690 | c5f8 77e8 
  0x000001ec885695a0: dc4d aef7 | bae4 ffff | ff48 8b6c | 2420 4489 | 5424 5490 | c5f8 77e8 | c44d aef7 | 4c89 4c24 
  0x000001ec885695c0: 284c 895c | 2420 498b | d14c 8d84 | 24a0 0000 | 0066 6690 | c5f8 77e8 | 24b0 b9f7 | 4c8b 5c24 
  0x000001ec885695e0: 204c 8b4c | 2428 e933 | e7ff ff8b | e949 8bdb | 498b c948 | 8d94 24a0 | 0000 004d | 8bc7 c5f8 
  0x000001ec88569600: 7749 ba80 | fd2d 00fb | 7f00 0041 | ffd2 4c8b | db8b cde9 | 9ee7 ffff | bade ffff | ff4c 895c 
  0x000001ec88569620: 2430 4c89 | 5c24 3889 | 4c24 4090 | c5f8 77e8 | 4c4d aef7 | bacc ffff | ff4c 895c | 2430 4c89 
  0x000001ec88569640: 5c24 384c | 8954 2440 | 894c 2448 | c5f8 77e8 | 2c4d aef7 | bade ffff | ff41 8be9 | c5f8 77e8 
  0x000001ec88569660: 1c4d aef7 | 4c89 4c24 | 2844 8954 | 2420 488b | e949 8bd1 | 4c8d 8424 | a000 0000 | c5f8 77e8 
  0x000001ec88569680: 7caf b9f7 | 488b cd44 | 8b54 2420 | 4c8b 4c24 | 28e9 61e9 | ffff bad6 | ffff ff48 | 8b6c 2420 
  0x000001ec885696a0: 4c89 4424 | 5044 8954 | 244c 6690 | c5f8 77e8 | cc4c aef7 | 498b db49 | 8bc8 488d | 9424 a000 
  0x000001ec885696c0: 0000 4d8b | c7c5 f877 | 49ba 80fd | 2d00 fb7f | 0000 41ff | d24c 8bdb | e98f eaff | ff49 8bd7 
  0x000001ec885696e0: c5f8 7749 | ba20 cfee | fffa 7f00 | 0041 ffd2 | e923 f3ff | ffba 45ff | ffff 4489 | 5424 3844 
  0x000001ec88569700: 8954 243c | 4489 5c24 | 4044 895c | 2444 6690 | c5f8 77e8 | 684c aef7 | ba45 ffff | ff44 8954 
  0x000001ec88569720: 2438 4489 | 5424 3c44 | 8944 2448 | 4489 5c24 | 4c66 6690 | c5f8 77e8 | 444c aef7 | ba45 ffff 
  0x000001ec88569740: ff44 8954 | 243c 4489 | 4424 4444 | 895c 2448 | 4489 5424 | 4c66 6690 | c5f8 77e8 | 204c aef7 
  0x000001ec88569760: ba45 ffff | ff44 8954 | 243c 4489 | 4424 4444 | 8954 2448 | c5f8 77e8 | 044c aef7 | ba76 ffff 
  0x000001ec88569780: ff4c 895c | 2430 4c89 | 5c24 3844 | 8944 2424 | 4489 4c24 | 4066 6690 | c5f8 77e8 | e04b aef7 
  0x000001ec885697a0: bf01 0000 | 00e9 b7ee | ffff ba45 | ffff ff90 | c5f8 77e8 | c84b aef7 | 8974 2438 | 4c89 4424 
  0x000001ec885697c0: 304c 894c | 2428 458b | ea49 8bd7 | c5f8 7749 | ba20 cfee | fffa 7f00 | 0041 ffd2 | 458b d54c 
  0x000001ec885697e0: 8b4c 2428 | 4c8b 4424 | 308b 7424 | 38e9 2ee2 | ffff ba45 | ffff ff48 | 8b6c 2420 | 4489 5424 
  0x000001ec88569800: 2048 894c | 2428 4c89 | 4c24 3044 | 895c 2438 | 4489 4424 | 3c66 6690 | c5f8 77e8 | 604b aef7 
  0x000001ec88569820: ba45 ffff | ff48 8b6c | 2420 4489 | 5424 2044 | 895c 2424 | 4889 7424 | 2844 8944 | 2430 894c 
  0x000001ec88569840: 2434 6690 | c5f8 77e8 | 344b aef7 | ba45 ffff | ff44 8954 | 2428 4489 | 5c24 2c48 | 8974 2430 
  0x000001ec88569860: 4489 4424 | 3c66 6690 | c5f8 77e8 | 104b aef7 | bae4 ffff | ff4c 894c | 2440 c5fa | 1144 2448 
  0x000001ec88569880: 4489 6c24 | 4c44 8974 | 2450 6690 | c5f8 77e8 | ec4a aef7 | ba76 ffff | ff44 8944 | 2434 6690 
  0x000001ec885698a0: c5f8 77e8 | d84a aef7 | 498b d7c5 | f877 49ba | 20cf eeff | fa7f 0000 | 41ff d2e9 | 95f2 ffff 
  0x000001ec885698c0: ba45 ffff | ff4c 895c | 2430 4c89 | 5c24 3844 | 8944 2440 | c5f8 77e8 | a44a aef7 | 498b f349 
  0x000001ec885698e0: 8bd2 4d8b | f14c 8bd7 | 448b eb4d | 8bd8 49c1 | e302 4983 | c310 4d8b | cb49 83e1 | fb49 8bfe 
  0x000001ec88569900: 4903 f949 | c1eb 034d | 2bd3 498b | ca48 33c0 | 4883 f908 | 7f10 48ff | c978 5248 | 8904 cf48 
  0x000001ec88569920: ffc9 7df7 | eb47 488b | c7c5 fdef | c0e9 0d00 | 0000 c5fe | 7f00 c5fe | 7f40 2048 | 83c0 4048 
  0x000001ec88569940: 83e9 087d | ed48 83c1 | 047c 0cc5 | fe7f 0048 | 83c0 2048 | 83e9 0448 | 83c1 047e | 1048 ffc9 
  0x000001ec88569960: c5f9 d600 | 4883 c008 | 48ff c97d | f34c 8bd2 | 4c8b dee9 | f4f3 ffff | 448b 5424 | 2847 8b44 
  0x000001ec88569980: d418 4585 | c00f 840d | f4ff ff4d | 8b5f 3849 | 8bc8 48c1 | e103 4d85 | db0f 84c1 | 0300 004d 
  0x000001ec885699a0: 8b47 484b | 894c 18f8 | 4983 c3f8 | 4d89 5f38 | e9e3 f3ff | ff4d 8b5f | 6849 8b7f | 78f0 8344 
  0x000001ec885699c0: 24c0 0080 | 3900 0f84 | 02f4 ffff | 4488 214d | 85db 7530 | 4d8b e944 | 8bf3 498b | e841 8bda 
  0x000001ec885699e0: 498b d7c5 | f877 49ba | 00cf eeff | fa7f 0000 | 41ff d244 | 8bd3 4c8b | c541 8bde | 4d8b cde9 
  0x000001ec88569a00: caf3 ffff | 4a89 4c1f | f849 83c3 | f84d 895f | 68e9 b8f3 | ffff 4d8b | d049 c1e2 | 0249 83c2 
  0x000001ec88569a20: 1049 8bca | 4883 e1fb | 488b fb48 | 03f9 49c1 | ea03 4d2b | ca49 8bc9 | 4833 c048 | 83f9 087f 
  0x000001ec88569a40: 1048 ffc9 | 7852 4889 | 04cf 48ff | c97d f7eb | 4748 8bc7 | c5fd efc0 | e90d 0000 | 00c5 fe7f 
  0x000001ec88569a60: 00c5 fe7f | 4020 4883 | c040 4883 | e908 7ded | 4883 c104 | 7c0c c5fe | 7f00 4883 | c020 4883 
  0x000001ec88569a80: e904 4883 | c104 7e10 | 48ff c9c5 | f9d6 0048 | 83c0 0848 | ffc9 7df3 | e9bb f4ff | ff44 8b5c 
  0x000001ec88569aa0: 2428 478b | 54dc 1845 | 85d2 0f84 | c9f4 ffff | 4d8b 5f38 | 498b ca48 | c1e1 034d | 85db 0f84 
  0x000001ec88569ac0: 2c03 0000 | 4d8b 5748 | 4b89 4c1a | f849 83c3 | f84d 895f | 38e9 9ff4 | ffff 4d8b | 5768 4d8b 
  0x000001ec88569ae0: 5f78 f083 | 4424 c000 | 8039 000f | 84c0 f4ff | ff44 8821 | 4d85 d275 | 1849 8bd7 | c5f8 7749 
  0x000001ec88569b00: ba00 cfee | fffa 7f00 | 0041 ffd2 | e9a0 f4ff | ff4b 894c | 13f8 4983 | c2f8 4d89 | 5768 e98e 
  0x000001ec88569b20: f4ff ff48 | ba58 7c2f | 0008 0000 | 0048 8b6c | 2428 6690 | c5f8 77e8 | c47f b9f7 | e94d eeff 
  0x000001ec88569b40: ffba 45ff | ffff 6690 | c5f8 77e8 | 3048 aef7 | bac6 ffff | ff89 4c24 | 2066 6690 | c5f8 77e8 
  0x000001ec88569b60: 1c48 aef7 | 498b d7c5 | f877 49ba | 20cf eeff | fa7f 0000 | 41ff d2e9 | 2deb ffff | 448b 4424 
  0x000001ec88569b80: 4c89 4c24 | 7866 6690 | c5f8 77e8 | 7082 b9f7 | 8b5c 244c | 4c8b c8e9 | 88f1 ffff | bae4 ffff 
  0x000001ec88569ba0: ff44 8b44 | 2430 4489 | 4424 2444 | 8954 2434 | c5f8 77e8 | c847 aef7 | bade ffff | ff44 8b44 
  0x000001ec88569bc0: 2430 4489 | 4424 2444 | 8954 2434 | c5f8 77e8 | ac47 aef7 | 448b 4424 | 4889 8c24 | 9000 0000 
  0x000001ec88569be0: c5f8 77e8 | 1882 b9f7 | 4c8b c8e9 | 11f3 ffff | 448b d741 | 8bfa bae4 | ffff ff89 | 7c24 2c89 
  0x000001ec88569c00: 7424 304c | 895c 2440 | 4c89 5c24 | 4844 8944 | 2434 6690 | c5f8 77e8 | 6447 aef7 | bae5 ffff 
  0x000001ec88569c20: ff44 8b5c | 2450 4489 | 5c24 4844 | 8944 244c | 4489 5424 | 5466 6690 | c5f8 77e8 | 4047 aef7 
  0x000001ec88569c40: 4533 d2eb | ae48 83c7 | fe48 8bcf | 498b fa48 | 33c0 4883 | f908 7f10 | 48ff c978 | 5248 8904 
  0x000001ec88569c60: cf48 ffc9 | 7df7 eb47 | 488b c7c5 | fdef c0e9 | 0d00 0000 | c5fe 7f00 | c5fe 7f40 | 2048 83c0 
  0x000001ec88569c80: 4048 83e9 | 087d ed48 | 83c1 047c | 0cc5 fe7f | 0048 83c0 | 2048 83e9 | 0448 83c1 | 047e 1048 
  0x000001ec88569ca0: ffc9 c5f9 | d600 4883 | c008 48ff | c97d f3e9 | d4f0 ffff | bace ffff | ff44 8954 | 2434 4c89 
  0x000001ec88569cc0: 4c24 3889 | 7424 4044 | 8954 2444 | 895c 2448 | 894c 244c | c5f8 77e8 | a446 aef7 | 4d8b d149 
  0x000001ec88569ce0: 83c2 fe49 | 8bca 498b | fb48 33c0 | 4883 f908 | 7f10 48ff | c978 5248 | 8904 cf48 | ffc9 7df7 
  0x000001ec88569d00: eb47 488b | c7c5 fdef | c0e9 0d00 | 0000 c5fe | 7f00 c5fe | 7f40 2048 | 83c0 4048 | 83e9 087d 
  0x000001ec88569d20: ed48 83c1 | 047c 0cc5 | fe7f 0048 | 83c0 2048 | 83e9 0448 | 83c1 047e | 1048 ffc9 | c5f9 d600 
  0x000001ec88569d40: 4883 c008 | 48ff c97d | f3e9 20f2 | ffff bace | ffff ff89 | 4c24 6490 | c5f8 77e8 | 2046 aef7 
  0x000001ec88569d60: 4d8b e944 | 8bf3 418b | da49 8bd7 | c5f8 7749 | ba20 cfee | fffa 7f00 | 0041 ffd2 | 448b d341 
  0x000001ec88569d80: 8bde 4d8b | cde9 0ef0 | ffff ba45 | ffff ff48 | 8b6c 2420 | 4489 5424 | 2c4c 894c | 2430 8974 
  0x000001ec88569da0: 2438 4489 | 5424 3c44 | 896c 2444 | 4489 5c24 | 4889 4c24 | 4c66 6690 | c5f8 77e8 | c045 aef7 
  0x000001ec88569dc0: ba45 ffff | ff44 8954 | 2434 4c89 | 4c24 3889 | 7424 4044 | 8954 2444 | 4489 6c24 | 4844 895c 
  0x000001ec88569de0: 244c 894c | 2450 6690 | c5f8 77e8 | 9045 aef7 | 498b d7c5 | f877 49ba | 20cf eeff | fa7f 0000 
  0x000001ec88569e00: 41ff d2e9 | 71f1 ffff | ba45 ffff | ff48 894c | 2430 4489 | 4c24 6044 | 8944 2464 | c5f8 77e8 
  0x000001ec88569e20: 5c45 aef7 | ba45 ffff | ff4c 8b54 | 2468 4c89 | 5424 504c | 8954 2458 | 4489 4c24 | 6489 4c24 
  0x000001ec88569e40: 6866 6690 | c5f8 77e8 | 3445 aef7 | baf6 ffff | ff66 6690 | c5f8 77e8 | 2445 aef7 | ba3d ffff 
  0x000001ec88569e60: ff44 8b5c | 2450 4489 | 5c24 2444 | 8944 2450 | 4489 5424 | 5844 8954 | 245c 6690 | c5f8 77e8 
  0x000001ec88569e80: fc44 aef7 | baf6 ffff | ff44 895c | 2420 4489 | 5424 2490 | c5f8 77e8 | e444 aef7 | baf4 ffff 
  0x000001ec88569ea0: ff66 6690 | c5f8 77e8 | d444 aef7 | baf6 ffff | ff44 8954 | 2420 4489 | 5424 2444 | 8944 2428 
  0x000001ec88569ec0: c5f8 77e8 | b844 aef7 | baf6 ffff | ff66 6690 | c5f8 77e8 | a844 aef7 | baf6 ffff | ff66 6690 
  0x000001ec88569ee0: c5f8 77e8 | 9844 aef7 | baf6 ffff | ff66 6690 | c5f8 77e8 | 8844 aef7 | baf4 ffff | ff48 8b6c 
  0x000001ec88569f00: 2420 4489 | 5424 2090 | c5f8 77e8 | 7044 aef7 | baf6 ffff | ff41 8bea | c5f8 77e8 | 6044 aef7 
  0x000001ec88569f20: baf6 ffff | ff66 6690 | c5f8 77e8 | 5044 aef7 | baf6 ffff | ff66 6690 | c5f8 77e8 | 4044 aef7 
  0x000001ec88569f40: baf6 ffff | ff66 6690 | c5f8 77e8 | 3044 aef7 | baf6 ffff | ff41 8be8 | c5f8 77e8 | 2044 aef7 
  0x000001ec88569f60: baf6 ffff | ff41 8be8 | c5f8 77e8 | 1044 aef7 | baf6 ffff | ff66 6690 | c5f8 77e8 | 0044 aef7 
  0x000001ec88569f80: baf6 ffff | ff66 6690 | c5f8 77e8 | f043 aef7 | baf6 ffff | ff66 6690 | c5f8 77e8 | e043 aef7 
  0x000001ec88569fa0: baf6 ffff | ff66 6690 | c5f8 77e8 | d043 aef7 | baf6 ffff | ff66 6690 | c5f8 77e8 | c043 aef7 
  0x000001ec88569fc0: baf6 ffff | ff66 6690 | c5f8 77e8 | b043 aef7 | baf6 ffff | ff66 6690 | c5f8 77e8 | a043 aef7 
  0x000001ec88569fe0: baf6 ffff | ff8b e990 | c5f8 77e8 | 9043 aef7 | baf4 ffff | ff4c 895c | 2428 4c89 | 5c24 3090 
  0x000001ec8856a000: c5f8 77e8 | 7843 aef7 | baf6 ffff | ff41 8bea | c5f8 77e8 | 6843 aef7 | baf6 ffff | ff66 6690 
  0x000001ec8856a020: c5f8 77e8 | 5843 aef7 | baf6 ffff | ff66 6690 | c5f8 77e8 | 4843 aef7 | baf6 ffff | ff66 6690 
  0x000001ec8856a040: c5f8 77e8 | 3843 aef7 | baf6 ffff | ff66 6690 | c5f8 77e8 | 2843 aef7 | baf6 ffff | ff66 6690 
  0x000001ec8856a060: c5f8 77e8 | 1843 aef7 | baf6 ffff | ff66 6690 | c5f8 77e8 | 0843 aef7 | baf6 ffff | ff66 6690 
  0x000001ec8856a080: c5f8 77e8 | f842 aef7 | baf6 ffff | ff41 8bea | c5f8 77e8 | e842 aef7 | baf6 ffff | ff66 6690 
  0x000001ec8856a0a0: c5f8 77e8 | d842 aef7 | baf6 ffff | ff66 6690 | c5f8 77e8 | c842 aef7 | baf6 ffff | ff44 8b5c 
  0x000001ec8856a0c0: 2450 4489 | 5c24 4844 | 8944 244c | 4489 5424 | 5466 6690 | c5f8 77e8 | a442 aef7 | 48b9 10f3 
  0x000001ec8856a0e0: cd97 ec01 | 0000 4883 | e4f0 49ba | a0ae 1b00 | fb7f 0000 | 41ff d2f4 | 4533 d2eb | 0344 8bd7 
  0x000001ec8856a100: 418b faba | f6ff ffff | 8bef 8974 | 2420 6690 | c5f8 77e8 | 6842 aef7 | baf6 ffff | ff66 6690 
  0x000001ec8856a120: c5f8 77e8 | 5842 aef7 | 488b d84c | 8b5c 2430 | 488d 8424 | a000 0000 | 4881 3800 | 0000 000f 
  0x000001ec8856a140: 8478 0000 | 004d 8b13 | 49f7 c202 | 0000 0074 | 6448 33c0 | 490b 8286 | 0000 0075 | 6049 8b82 
  0x000001ec8856a160: 9600 0000 | 490b 828e | 0000 0075 | 0a49 c742 | 3e00 0000 | 00eb 4649 | 81ba 9e00 | 0000 0000 
  0x000001ec8856a180: 0000 7425 | 4833 c049 | c742 3e00 | 0000 00f0 | 8304 2400 | 4981 ba9e | 0000 0000 | 0000 0075 
  0x000001ec8856a1a0: 0df0 4d0f | b17a 3e75 | 0583 c801 | eb0f a900 | 0000 00eb | 084c 8b10 | f04d 0fb1 | 130f 840a 
  0x000001ec8856a1c0: 0100 0049 | 8bcb 488d | 9424 a000 | 0000 4d8b | c7c5 f877 | 49ba 80fd | 2d00 fb7f | 0000 41ff 
  0x000001ec8856a1e0: d2e9 e700 | 0000 488b | d84c 8b5c | 2438 488d | 8424 a000 | 0000 4881 | 3800 0000 | 000f 8478 
  0x000001ec8856a200: 0000 004d | 8b13 49f7 | c202 0000 | 0074 6448 | 33c0 490b | 8286 0000 | 0075 6049 | 8b82 9600 
  0x000001ec8856a220: 0000 490b | 828e 0000 | 0075 0a49 | c742 3e00 | 0000 00eb | 4649 81ba | 9e00 0000 | 0000 0000 
  0x000001ec8856a240: 7425 4833 | c049 c742 | 3e00 0000 | 00f0 8304 | 2400 4981 | ba9e 0000 | 0000 0000 | 0075 0df0 
  0x000001ec8856a260: 4d0f b17a | 3e75 0583 | c801 eb0f | a900 0000 | 00eb 084c | 8b10 f04d | 0fb1 1374 | 5049 8bcb 
  0x000001ec8856a280: 488d 9424 | a000 0000 | 4d8b c7c5 | f877 49ba | 80fd 2d00 | fb7f 0000 | 41ff d2eb | 3048 8bd8 
  0x000001ec8856a2a0: eb2b 488b | d8eb 2648 | 8bd8 eb21 | 488b d8eb | 1c48 8bd8 | eb17 488b | d8eb 1248 | 8bd8 eb0d 
  0x000001ec8856a2c0: 488b d8eb | 0848 8bd8 | eb03 488b | d848 8bd3 | e9ec e3ff | fff4 f4f4 | f4f4 f4f4 | f4f4 f4f4 
  0x000001ec8856a2e0: 48bb 886c | 9a9a ec01 | 0000 e9ee | 30ae f7e9 | 8cd2 b8f7 | e800 0000 | 0048 832c | 2405 e99d 
  0x000001ec8856a300: 3cae f7f4 | f4f4 f4f4 
[/MachCode]
--------------------------------------------------------------------------------


---------------  P R O C E S S  ---------------

Threads class SMR info:
_java_thread_list=0x000001ec9cabfea0, length=11, elements={
0x000001ecf2474ac0, 0x000001ec95da5010, 0x000001ec95da6a00, 0x000001ec95dc4240,
0x000001ec95dc6c00, 0x000001ec95dc75b0, 0x000001ec95dc8290, 0x000001ec95dc8c80,
0x000001ec95dc9670, 0x000001ec95f770c0, 0x000001ec95f8d3a0
}

Java Threads: ( => current thread )
=>0x000001ecf2474ac0 JavaThread "main" [_thread_in_Java, id=22764, stack(0x0000008be4400000,0x0000008be4500000)]
  0x000001ec95da5010 JavaThread "Reference Handler" daemon [_thread_blocked, id=21256, stack(0x0000008be4b00000,0x0000008be4c00000)]
  0x000001ec95da6a00 JavaThread "Finalizer" daemon [_thread_blocked, id=23172, stack(0x0000008be4c00000,0x0000008be4d00000)]
  0x000001ec95dc4240 JavaThread "Signal Dispatcher" daemon [_thread_blocked, id=19324, stack(0x0000008be4d00000,0x0000008be4e00000)]
  0x000001ec95dc6c00 JavaThread "Attach Listener" daemon [_thread_blocked, id=5336, stack(0x0000008be4e00000,0x0000008be4f00000)]
  0x000001ec95dc75b0 JavaThread "Service Thread" daemon [_thread_blocked, id=2912, stack(0x0000008be4f00000,0x0000008be5000000)]
  0x000001ec95dc8290 JavaThread "C2 CompilerThread0" daemon [_thread_blocked, id=23984, stack(0x0000008be5000000,0x0000008be5100000)]
  0x000001ec95dc8c80 JavaThread "C1 CompilerThread0" daemon [_thread_blocked, id=23932, stack(0x0000008be5100000,0x0000008be5200000)]
  0x000001ec95dc9670 JavaThread "Sweeper thread" daemon [_thread_blocked, id=12760, stack(0x0000008be5200000,0x0000008be5300000)]
  0x000001ec95f770c0 JavaThread "Notification Thread" daemon [_thread_blocked, id=11600, stack(0x0000008be5400000,0x0000008be5500000)]
  0x000001ec95f8d3a0 JavaThread "Common-Cleaner" daemon [_thread_blocked, id=13612, stack(0x0000008be5600000,0x0000008be5700000)]

Other Threads:
  0x000001ec954bd7d0 VMThread "VM Thread" [stack: 0x0000008be4a00000,0x0000008be4b00000] [id=9692]
  0x000001ec95f785b0 WatcherThread [stack: 0x0000008be5500000,0x0000008be5600000] [id=18980]
  0x000001ecf24c44d0 GCTaskThread "GC Thread#0" [stack: 0x0000008be4500000,0x0000008be4600000] [id=23944]
  0x000001ec95f65370 GCTaskThread "GC Thread#1" [stack: 0x0000008be5b00000,0x0000008be5c00000] [id=23656]
  0x000001ec95f63d20 GCTaskThread "GC Thread#2" [stack: 0x0000008be5c00000,0x0000008be5d00000] [id=13452]
  0x000001ec95f646b0 GCTaskThread "GC Thread#3" [stack: 0x0000008be5d00000,0x0000008be5e00000] [id=14184]
  0x000001ec95f656a0 GCTaskThread "GC Thread#4" [stack: 0x0000008be5e00000,0x0000008be5f00000] [id=20116]
  0x000001ec97be73a0 GCTaskThread "GC Thread#5" [stack: 0x0000008be5f00000,0x0000008be6000000] [id=23212]
  0x000001ec97be86c0 GCTaskThread "GC Thread#6" [stack: 0x0000008be4100000,0x0000008be4200000] [id=3904]
  0x000001ec97be76d0 GCTaskThread "GC Thread#7" [stack: 0x0000008be5300000,0x0000008be5400000] [id=24188]
  0x000001ec95f639f0 GCTaskThread "GC Thread#8" [stack: 0x0000008be6600000,0x0000008be6700000] [id=15760]
  0x000001ec9779e080 GCTaskThread "GC Thread#9" [stack: 0x0000008be6700000,0x0000008be6800000] [id=19556]
  0x000001ec9779d6f0 GCTaskThread "GC Thread#10" [stack: 0x0000008be6800000,0x0000008be6900000] [id=21360]
  0x000001ec977a06c0 GCTaskThread "GC Thread#11" [stack: 0x0000008be4300000,0x0000008be4400000] [id=16196]
  0x000001ec9779ed40 GCTaskThread "GC Thread#12" [stack: 0x0000008be5700000,0x0000008be5800000] [id=23992]
  0x000001ecf24d5370 ConcurrentGCThread "G1 Main Marker" [stack: 0x0000008be4600000,0x0000008be4700000] [id=16296]
  0x000001ecf24d6ad0 ConcurrentGCThread "G1 Conc#0" [stack: 0x0000008be4700000,0x0000008be4800000] [id=23936]
  0x000001ec97be7a00 ConcurrentGCThread "G1 Conc#1" [stack: 0x0000008be6100000,0x0000008be6200000] [id=24392]
  0x000001ec97be7d30 ConcurrentGCThread "G1 Conc#2" [stack: 0x0000008be6200000,0x0000008be6300000] [id=8072]
  0x000001ecefacb070 ConcurrentGCThread "G1 Refine#0" [stack: 0x0000008be4800000,0x0000008be4900000] [id=19944]
  0x000001ec989e48c0 ConcurrentGCThread "G1 Refine#1" [stack: 0x0000008be4200000,0x0000008be4300000] [id=4628]
  0x000001ec989e5640 ConcurrentGCThread "G1 Refine#2" [stack: 0x0000008be5800000,0x0000008be5900000] [id=18988]
  0x000001ec989e6060 ConcurrentGCThread "G1 Refine#3" [stack: 0x0000008be5900000,0x0000008be5a00000] [id=19176]
  0x000001ec989e6a80 ConcurrentGCThread "G1 Refine#4" [stack: 0x0000008be5a00000,0x0000008be5b00000] [id=24208]
  0x000001ec989e63c0 ConcurrentGCThread "G1 Refine#5" [stack: 0x0000008be6000000,0x0000008be6100000] [id=22696]
  0x000001ec989e6720 ConcurrentGCThread "G1 Refine#6" [stack: 0x0000008be6300000,0x0000008be6400000] [id=14004]
  0x000001ec989e6de0 ConcurrentGCThread "G1 Refine#7" [stack: 0x0000008be6400000,0x0000008be6500000] [id=9484]
  0x000001ec989e3b40 ConcurrentGCThread "G1 Refine#8" [stack: 0x0000008be6500000,0x0000008be6600000] [id=21232]
  0x000001ec975ef810 ConcurrentGCThread "G1 Refine#9" [stack: 0x0000008be7100000,0x0000008be7200000] [id=19856]
  0x000001ec97123c20 ConcurrentGCThread "G1 Refine#10" [stack: 0x0000008be7200000,0x0000008be7300000] [id=11716]
  0x000001ec975f3bb0 ConcurrentGCThread "G1 Refine#11" [stack: 0x0000008be7300000,0x0000008be7400000] [id=10660]
  0x000001ec975ed490 ConcurrentGCThread "G1 Refine#12" [stack: 0x0000008be7400000,0x0000008be7500000] [id=20740]
  0x000001ec95364de0 ConcurrentGCThread "G1 Young RemSet Sampling" [stack: 0x0000008be4900000,0x0000008be4a00000] [id=21948]

Threads with active compile tasks:

VM state: not at safepoint (normal execution)

VM Mutex/Monitor currently owned by a thread: None

Heap address: 0x0000000712c00000, size: 3796 MB, Compressed Oops mode: Zero based, Oop shift amount: 3
CDS disabled.
Compressed class space mapped at: 0x0000000800000000-0x0000000840000000, size: 1073741824
Narrow klass base: 0x0000000800000000, Narrow klass shift: 0, Narrow klass range: 0x40000000

GC Precious Log:
 CPUs: 16 total, 16 available
 Memory: 15178M
 Large Page Support: Disabled
 NUMA Support: Disabled
 Compressed Oops: Enabled (Zero based)
 Heap Region Size: 2M
 Heap Min Capacity: 8M
 Heap Initial Capacity: 238M
 Heap Max Capacity: 3796M
 Pre-touch: Disabled
 Parallel Workers: 13
 Concurrent Workers: 3
 Concurrent Refinement Workers: 13
 Periodic GC: Disabled

Heap:
 garbage-first heap   total 1026048K, used 647817K [0x0000000712c00000, 0x0000000800000000)
  region size 2048K, 95 young (194560K), 1 survivors (2048K)
 Metaspace       used 54399K, capacity 54966K, committed 56368K, reserved 1097728K
  class space    used 7138K, capacity 7296K, committed 8576K, reserved 1048576K

Heap Regions: E=young(eden), S=young(survivor), O=old, HS=humongous(starts), HC=humongous(continues), CS=collection set, F=free, OA=open archive, CA=closed archive, TAMS=top-at-mark-start (previous, next)
|   0|0x0000000712c00000, 0x0000000712e00000, 0x0000000712e00000|100%| O|  |TAMS 0x0000000712e00000, 0x0000000712c00000| Untracked 
|   1|0x0000000712e00000, 0x0000000713000000, 0x0000000713000000|100%| O|  |TAMS 0x0000000713000000, 0x0000000712e00000| Untracked 
|   2|0x0000000713000000, 0x0000000713200000, 0x0000000713200000|100%| O|  |TAMS 0x0000000713200000, 0x0000000713000000| Untracked 
|   3|0x0000000713200000, 0x0000000713400000, 0x0000000713400000|100%| O|  |TAMS 0x0000000713400000, 0x0000000713200000| Untracked 
|   4|0x0000000713400000, 0x0000000713600000, 0x0000000713600000|100%| O|  |TAMS 0x0000000713600000, 0x0000000713400000| Untracked 
|   5|0x0000000713600000, 0x0000000713800000, 0x0000000713800000|100%| O|  |TAMS 0x0000000713800000, 0x0000000713600000| Untracked 
|   6|0x0000000713800000, 0x0000000713a00000, 0x0000000713a00000|100%| O|  |TAMS 0x0000000713a00000, 0x0000000713800000| Untracked 
|   7|0x0000000713a00000, 0x0000000713c00000, 0x0000000713c00000|100%| O|  |TAMS 0x0000000713c00000, 0x0000000713a00000| Untracked 
|   8|0x0000000713c00000, 0x0000000713e00000, 0x0000000713e00000|100%| O|  |TAMS 0x0000000713e00000, 0x0000000713c00000| Untracked 
|   9|0x0000000713e00000, 0x0000000714000000, 0x0000000714000000|100%| O|  |TAMS 0x0000000714000000, 0x0000000713e00000| Untracked 
|  10|0x0000000714000000, 0x0000000714200000, 0x0000000714200000|100%|HS|  |TAMS 0x0000000714200000, 0x0000000714000000| Complete 
|  11|0x0000000714200000, 0x0000000714400000, 0x0000000714400000|100%|HC|  |TAMS 0x0000000714400000, 0x0000000714200000| Complete 
|  12|0x0000000714400000, 0x0000000714600000, 0x0000000714600000|100%|HS|  |TAMS 0x0000000714600000, 0x0000000714400000| Complete 
|  13|0x0000000714600000, 0x0000000714800000, 0x0000000714800000|100%|HS|  |TAMS 0x0000000714800000, 0x0000000714600000| Complete 
|  14|0x0000000714800000, 0x0000000714a00000, 0x0000000714a00000|100%|HC|  |TAMS 0x0000000714a00000, 0x0000000714800000| Complete 
|  15|0x0000000714a00000, 0x0000000714c00000, 0x0000000714c00000|100%|HS|  |TAMS 0x0000000714c00000, 0x0000000714a00000| Complete 
|  16|0x0000000714c00000, 0x0000000714e00000, 0x0000000714e00000|100%| O|  |TAMS 0x0000000714e00000, 0x0000000714c00000| Untracked 
|  17|0x0000000714e00000, 0x0000000715000000, 0x0000000715000000|100%| O|  |TAMS 0x0000000715000000, 0x0000000714e00000| Untracked 
|  18|0x0000000715000000, 0x0000000715200000, 0x0000000715200000|100%| O|  |TAMS 0x0000000715200000, 0x0000000715000000| Untracked 
|  19|0x0000000715200000, 0x0000000715400000, 0x0000000715400000|100%| O|  |TAMS 0x0000000715400000, 0x0000000715200000| Untracked 
|  20|0x0000000715400000, 0x0000000715600000, 0x0000000715600000|100%|HS|  |TAMS 0x0000000715600000, 0x0000000715400000| Complete 
|  21|0x0000000715600000, 0x0000000715800000, 0x0000000715800000|100%|HC|  |TAMS 0x0000000715800000, 0x0000000715600000| Complete 
|  22|0x0000000715800000, 0x0000000715a00000, 0x0000000715a00000|100%|HS|  |TAMS 0x0000000715a00000, 0x0000000715800000| Complete 
|  23|0x0000000715a00000, 0x0000000715c00000, 0x0000000715c00000|100%|HC|  |TAMS 0x0000000715c00000, 0x0000000715a00000| Complete 
|  24|0x0000000715c00000, 0x0000000715dfa400, 0x0000000715e00000| 98%| O|  |TAMS 0x0000000715dfa400, 0x0000000715c00000| Untracked 
|  25|0x0000000715e00000, 0x0000000716000000, 0x0000000716000000|100%| O|  |TAMS 0x0000000716000000, 0x0000000715e00000| Untracked 
|  26|0x0000000716000000, 0x0000000716200000, 0x0000000716200000|100%|HS|  |TAMS 0x0000000716200000, 0x0000000716000000| Complete 
|  27|0x0000000716200000, 0x0000000716400000, 0x0000000716400000|100%|HC|  |TAMS 0x0000000716400000, 0x0000000716200000| Complete 
|  28|0x0000000716400000, 0x0000000716600000, 0x0000000716600000|100%|HS|  |TAMS 0x0000000716400000, 0x0000000716400000| Complete 
|  29|0x0000000716600000, 0x0000000716800000, 0x0000000716800000|100%|HS|  |TAMS 0x0000000716800000, 0x0000000716600000| Complete 
|  30|0x0000000716800000, 0x0000000716a00000, 0x0000000716a00000|100%|HS|  |TAMS 0x0000000716a00000, 0x0000000716800000| Complete 
|  31|0x0000000716a00000, 0x0000000716c00000, 0x0000000716c00000|100%|HS|  |TAMS 0x0000000716a00000, 0x0000000716a00000| Complete 
|  32|0x0000000716c00000, 0x0000000716e00000, 0x0000000716e00000|100%| O|  |TAMS 0x0000000716e00000, 0x0000000716c00000| Untracked 
|  33|0x0000000716e00000, 0x0000000717000000, 0x0000000717000000|100%| O|  |TAMS 0x0000000716f40200, 0x0000000716e00000| Untracked 
|  34|0x0000000717000000, 0x0000000717200000, 0x0000000717200000|100%|HS|  |TAMS 0x0000000717200000, 0x0000000717000000| Complete 
|  35|0x0000000717200000, 0x0000000717400000, 0x0000000717400000|100%|HS|  |TAMS 0x0000000717200000, 0x0000000717200000| Complete 
|  36|0x0000000717400000, 0x0000000717600000, 0x0000000717600000|100%|HC|  |TAMS 0x0000000717400000, 0x0000000717400000| Complete 
|  37|0x0000000717600000, 0x0000000717800000, 0x0000000717800000|100%| O|  |TAMS 0x0000000717800000, 0x0000000717600000| Untracked 
|  38|0x0000000717800000, 0x0000000717a00000, 0x0000000717a00000|100%|HS|  |TAMS 0x0000000717a00000, 0x0000000717800000| Complete 
|  39|0x0000000717a00000, 0x0000000717c00000, 0x0000000717c00000|100%|HS|  |TAMS 0x0000000717c00000, 0x0000000717a00000| Complete 
|  40|0x0000000717c00000, 0x0000000717e00000, 0x0000000717e00000|100%|HS|  |TAMS 0x0000000717e00000, 0x0000000717c00000| Complete 
|  41|0x0000000717e00000, 0x0000000718000000, 0x0000000718000000|100%| O|  |TAMS 0x0000000718000000, 0x0000000717e00000| Untracked 
|  42|0x0000000718000000, 0x0000000718200000, 0x0000000718200000|100%| O|  |TAMS 0x0000000718200000, 0x0000000718000000| Untracked 
|  43|0x0000000718200000, 0x0000000718400000, 0x0000000718400000|100%|HS|  |TAMS 0x0000000718400000, 0x0000000718200000| Complete 
|  44|0x0000000718400000, 0x0000000718600000, 0x0000000718600000|100%| O|  |TAMS 0x0000000718600000, 0x0000000718400000| Untracked 
|  45|0x0000000718600000, 0x0000000718800000, 0x0000000718800000|100%| O|  |TAMS 0x0000000718800000, 0x0000000718600000| Untracked 
|  46|0x0000000718800000, 0x0000000718a00000, 0x0000000718a00000|100%| O|  |TAMS 0x0000000718a00000, 0x0000000718800000| Untracked 
|  47|0x0000000718a00000, 0x0000000718c00000, 0x0000000718c00000|100%| O|  |TAMS 0x0000000718c00000, 0x0000000718a00000| Untracked 
|  48|0x0000000718c00000, 0x0000000718e00000, 0x0000000718e00000|100%| O|  |TAMS 0x0000000718e00000, 0x0000000718c00000| Untracked 
|  49|0x0000000718e00000, 0x0000000719000000, 0x0000000719000000|100%| O|  |TAMS 0x0000000719000000, 0x0000000718e00000| Untracked 
|  50|0x0000000719000000, 0x0000000719200000, 0x0000000719200000|100%| O|  |TAMS 0x0000000719200000, 0x0000000719000000| Untracked 
|  51|0x0000000719200000, 0x0000000719400000, 0x0000000719400000|100%| O|  |TAMS 0x0000000719400000, 0x0000000719200000| Untracked 
|  52|0x0000000719400000, 0x0000000719600000, 0x0000000719600000|100%| O|  |TAMS 0x0000000719600000, 0x0000000719400000| Untracked 
|  53|0x0000000719600000, 0x0000000719800000, 0x0000000719800000|100%| O|  |TAMS 0x0000000719800000, 0x0000000719600000| Untracked 
|  54|0x0000000719800000, 0x0000000719a00000, 0x0000000719a00000|100%| O|  |TAMS 0x0000000719a00000, 0x0000000719800000| Untracked 
|  55|0x0000000719a00000, 0x0000000719c00000, 0x0000000719c00000|100%|HS|  |TAMS 0x0000000719c00000, 0x0000000719a00000| Complete 
|  56|0x0000000719c00000, 0x0000000719e00000, 0x0000000719e00000|100%| O|  |TAMS 0x0000000719e00000, 0x0000000719c00000| Untracked 
|  57|0x0000000719e00000, 0x000000071a000000, 0x000000071a000000|100%| O|  |TAMS 0x000000071a000000, 0x0000000719e00000| Untracked 
|  58|0x000000071a000000, 0x000000071a200000, 0x000000071a200000|100%| O|  |TAMS 0x000000071a200000, 0x000000071a000000| Untracked 
|  59|0x000000071a200000, 0x000000071a400000, 0x000000071a400000|100%| O|  |TAMS 0x000000071a400000, 0x000000071a200000| Untracked 
|  60|0x000000071a400000, 0x000000071a600000, 0x000000071a600000|100%| O|  |TAMS 0x000000071a600000, 0x000000071a400000| Untracked 
|  61|0x000000071a600000, 0x000000071a800000, 0x000000071a800000|100%|HS|  |TAMS 0x000000071a800000, 0x000000071a600000| Complete 
|  62|0x000000071a800000, 0x000000071aa00000, 0x000000071aa00000|100%| O|  |TAMS 0x000000071aa00000, 0x000000071a800000| Untracked 
|  63|0x000000071aa00000, 0x000000071ac00000, 0x000000071ac00000|100%| O|  |TAMS 0x000000071ac00000, 0x000000071aa00000| Untracked 
|  64|0x000000071ac00000, 0x000000071ae00000, 0x000000071ae00000|100%| O|  |TAMS 0x000000071ae00000, 0x000000071ac00000| Untracked 
|  65|0x000000071ae00000, 0x000000071b000000, 0x000000071b000000|100%|HS|  |TAMS 0x000000071b000000, 0x000000071ae00000| Complete 
|  66|0x000000071b000000, 0x000000071b200000, 0x000000071b200000|100%|HC|  |TAMS 0x000000071b200000, 0x000000071b000000| Complete 
|  67|0x000000071b200000, 0x000000071b400000, 0x000000071b400000|100%| O|  |TAMS 0x000000071b400000, 0x000000071b200000| Untracked 
|  68|0x000000071b400000, 0x000000071b600000, 0x000000071b600000|100%| O|  |TAMS 0x000000071b600000, 0x000000071b400000| Untracked 
|  69|0x000000071b600000, 0x000000071b800000, 0x000000071b800000|100%| O|  |TAMS 0x000000071b800000, 0x000000071b600000| Untracked 
|  70|0x000000071b800000, 0x000000071ba00000, 0x000000071ba00000|100%| O|  |TAMS 0x000000071ba00000, 0x000000071b800000| Untracked 
|  71|0x000000071ba00000, 0x000000071bc00000, 0x000000071bc00000|100%| O|  |TAMS 0x000000071bc00000, 0x000000071ba00000| Untracked 
|  72|0x000000071bc00000, 0x000000071be00000, 0x000000071be00000|100%| O|  |TAMS 0x000000071be00000, 0x000000071bc00000| Untracked 
|  73|0x000000071be00000, 0x000000071c000000, 0x000000071c000000|100%| O|  |TAMS 0x000000071c000000, 0x000000071be00000| Untracked 
|  74|0x000000071c000000, 0x000000071c200000, 0x000000071c200000|100%|HS|  |TAMS 0x000000071c000000, 0x000000071c000000| Complete 
|  75|0x000000071c200000, 0x000000071c400000, 0x000000071c400000|100%|HS|  |TAMS 0x000000071c400000, 0x000000071c200000| Complete 
|  76|0x000000071c400000, 0x000000071c600000, 0x000000071c600000|100%|HS|  |TAMS 0x000000071c400000, 0x000000071c400000| Complete 
|  77|0x000000071c600000, 0x000000071c800000, 0x000000071c800000|100%|HC|  |TAMS 0x000000071c600000, 0x000000071c600000| Complete 
|  78|0x000000071c800000, 0x000000071ca00000, 0x000000071ca00000|100%| O|  |TAMS 0x000000071ca00000, 0x000000071c800000| Untracked 
|  79|0x000000071ca00000, 0x000000071cc00000, 0x000000071cc00000|100%| O|  |TAMS 0x000000071cc00000, 0x000000071ca00000| Untracked 
|  80|0x000000071cc00000, 0x000000071ce00000, 0x000000071ce00000|100%|HS|  |TAMS 0x000000071ce00000, 0x000000071cc00000| Complete 
|  81|0x000000071ce00000, 0x000000071d000000, 0x000000071d000000|100%| O|  |TAMS 0x000000071ce00000, 0x000000071ce00000| Untracked 
|  82|0x000000071d000000, 0x000000071d200000, 0x000000071d200000|100%|HS|  |TAMS 0x000000071d200000, 0x000000071d000000| Complete 
|  83|0x000000071d200000, 0x000000071d400000, 0x000000071d400000|100%|HC|  |TAMS 0x000000071d400000, 0x000000071d200000| Complete 
|  84|0x000000071d400000, 0x000000071d600000, 0x000000071d600000|100%|HS|  |TAMS 0x000000071d600000, 0x000000071d400000| Complete 
|  85|0x000000071d600000, 0x000000071d800000, 0x000000071d800000|100%|HC|  |TAMS 0x000000071d800000, 0x000000071d600000| Complete 
|  86|0x000000071d800000, 0x000000071da00000, 0x000000071da00000|100%|HS|  |TAMS 0x000000071da00000, 0x000000071d800000| Complete 
|  87|0x000000071da00000, 0x000000071dc00000, 0x000000071dc00000|100%|HC|  |TAMS 0x000000071dc00000, 0x000000071da00000| Complete 
|  88|0x000000071dc00000, 0x000000071de00000, 0x000000071de00000|100%|HS|  |TAMS 0x000000071de00000, 0x000000071dc00000| Complete 
|  89|0x000000071de00000, 0x000000071e000000, 0x000000071e000000|100%|HC|  |TAMS 0x000000071e000000, 0x000000071de00000| Complete 
|  90|0x000000071e000000, 0x000000071e200000, 0x000000071e200000|100%|HS|  |TAMS 0x000000071e000000, 0x000000071e000000| Complete 
|  91|0x000000071e200000, 0x000000071e400000, 0x000000071e400000|100%|HC|  |TAMS 0x000000071e200000, 0x000000071e200000| Complete 
|  92|0x000000071e400000, 0x000000071e600000, 0x000000071e600000|100%|HS|  |TAMS 0x000000071e400000, 0x000000071e400000| Complete 
|  93|0x000000071e600000, 0x000000071e800000, 0x000000071e800000|100%|HC|  |TAMS 0x000000071e600000, 0x000000071e600000| Complete 
|  94|0x000000071e800000, 0x000000071ea00000, 0x000000071ea00000|100%| O|  |TAMS 0x000000071e800000, 0x000000071e800000| Untracked 
|  95|0x000000071ea00000, 0x000000071ec00000, 0x000000071ec00000|100%| O|  |TAMS 0x000000071ea00000, 0x000000071ea00000| Untracked 
|  96|0x000000071ec00000, 0x000000071ee00000, 0x000000071ee00000|100%| O|  |TAMS 0x000000071ec00000, 0x000000071ec00000| Untracked 
|  97|0x000000071ee00000, 0x000000071f000000, 0x000000071f000000|100%| O|  |TAMS 0x000000071ee00000, 0x000000071ee00000| Untracked 
|  98|0x000000071f000000, 0x000000071f200000, 0x000000071f200000|100%| O|  |TAMS 0x000000071f000000, 0x000000071f000000| Untracked 
|  99|0x000000071f200000, 0x000000071f400000, 0x000000071f400000|100%|HS|  |TAMS 0x000000071f400000, 0x000000071f200000| Complete 
| 100|0x000000071f400000, 0x000000071f600000, 0x000000071f600000|100%| O|  |TAMS 0x000000071f600000, 0x000000071f400000| Untracked 
| 101|0x000000071f600000, 0x000000071f800000, 0x000000071f800000|100%| O|  |TAMS 0x000000071f800000, 0x000000071f600000| Untracked 
| 102|0x000000071f800000, 0x000000071fa00000, 0x000000071fa00000|100%|HS|  |TAMS 0x000000071fa00000, 0x000000071f800000| Complete 
| 103|0x000000071fa00000, 0x000000071fc00000, 0x000000071fc00000|100%|HC|  |TAMS 0x000000071fc00000, 0x000000071fa00000| Complete 
| 104|0x000000071fc00000, 0x000000071fe00000, 0x000000071fe00000|100%|HS|  |TAMS 0x000000071fe00000, 0x000000071fc00000| Complete 
| 105|0x000000071fe00000, 0x0000000720000000, 0x0000000720000000|100%|HC|  |TAMS 0x0000000720000000, 0x000000071fe00000| Complete 
| 106|0x0000000720000000, 0x0000000720200000, 0x0000000720200000|100%|HS|  |TAMS 0x0000000720200000, 0x0000000720000000| Complete 
| 107|0x0000000720200000, 0x0000000720400000, 0x0000000720400000|100%|HC|  |TAMS 0x0000000720400000, 0x0000000720200000| Complete 
| 108|0x0000000720400000, 0x0000000720600000, 0x0000000720600000|100%| O|  |TAMS 0x0000000720400000, 0x0000000720400000| Untracked 
| 109|0x0000000720600000, 0x0000000720800000, 0x0000000720800000|100%|HS|  |TAMS 0x0000000720800000, 0x0000000720600000| Complete 
| 110|0x0000000720800000, 0x0000000720a00000, 0x0000000720a00000|100%|HS|  |TAMS 0x0000000720a00000, 0x0000000720800000| Complete 
| 111|0x0000000720a00000, 0x0000000720c00000, 0x0000000720c00000|100%|HS|  |TAMS 0x0000000720c00000, 0x0000000720a00000| Complete 
| 112|0x0000000720c00000, 0x0000000720e00000, 0x0000000720e00000|100%| O|  |TAMS 0x0000000720c00000, 0x0000000720c00000| Untracked 
| 113|0x0000000720e00000, 0x0000000721000000, 0x0000000721000000|100%| O|  |TAMS 0x0000000720e00000, 0x0000000720e00000| Untracked 
| 114|0x0000000721000000, 0x0000000721200000, 0x0000000721200000|100%| O|  |TAMS 0x0000000721000000, 0x0000000721000000| Untracked 
| 115|0x0000000721200000, 0x0000000721400000, 0x0000000721400000|100%| O|  |TAMS 0x0000000721200000, 0x0000000721200000| Untracked 
| 116|0x0000000721400000, 0x0000000721600000, 0x0000000721600000|100%| O|  |TAMS 0x0000000721400000, 0x0000000721400000| Untracked 
| 117|0x0000000721600000, 0x0000000721800000, 0x0000000721800000|100%| O|  |TAMS 0x0000000721800000, 0x0000000721600000| Untracked 
| 118|0x0000000721800000, 0x0000000721a00000, 0x0000000721a00000|100%| O|  |TAMS 0x0000000721800000, 0x0000000721800000| Untracked 
| 119|0x0000000721a00000, 0x0000000721c00000, 0x0000000721c00000|100%| O|  |TAMS 0x0000000721a00000, 0x0000000721a00000| Untracked 
| 120|0x0000000721c00000, 0x0000000721e00000, 0x0000000721e00000|100%| O|  |TAMS 0x0000000721c00000, 0x0000000721c00000| Untracked 
| 121|0x0000000721e00000, 0x0000000722000000, 0x0000000722000000|100%| O|  |TAMS 0x0000000721e00000, 0x0000000721e00000| Untracked 
| 122|0x0000000722000000, 0x0000000722200000, 0x0000000722200000|100%| O|  |TAMS 0x0000000722000000, 0x0000000722000000| Untracked 
| 123|0x0000000722200000, 0x0000000722400000, 0x0000000722400000|100%| O|  |TAMS 0x0000000722200000, 0x0000000722200000| Untracked 
| 124|0x0000000722400000, 0x0000000722600000, 0x0000000722600000|100%| O|  |TAMS 0x0000000722400000, 0x0000000722400000| Untracked 
| 125|0x0000000722600000, 0x0000000722800000, 0x0000000722800000|100%| O|  |TAMS 0x0000000722600000, 0x0000000722600000| Untracked 
| 126|0x0000000722800000, 0x0000000722a00000, 0x0000000722a00000|100%| O|  |TAMS 0x0000000722800000, 0x0000000722800000| Untracked 
| 127|0x0000000722a00000, 0x0000000722c00000, 0x0000000722c00000|100%| O|  |TAMS 0x0000000722a00000, 0x0000000722a00000| Untracked 
| 128|0x0000000722c00000, 0x0000000722e00000, 0x0000000722e00000|100%| O|  |TAMS 0x0000000722c00000, 0x0000000722c00000| Untracked 
| 129|0x0000000722e00000, 0x0000000723000000, 0x0000000723000000|100%| O|  |TAMS 0x0000000722e00000, 0x0000000722e00000| Untracked 
| 130|0x0000000723000000, 0x0000000723200000, 0x0000000723200000|100%| O|  |TAMS 0x0000000723000000, 0x0000000723000000| Untracked 
| 131|0x0000000723200000, 0x0000000723400000, 0x0000000723400000|100%| O|  |TAMS 0x0000000723200000, 0x0000000723200000| Untracked 
| 132|0x0000000723400000, 0x0000000723600000, 0x0000000723600000|100%| O|  |TAMS 0x0000000723400000, 0x0000000723400000| Untracked 
| 133|0x0000000723600000, 0x0000000723800000, 0x0000000723800000|100%| O|  |TAMS 0x0000000723600000, 0x0000000723600000| Untracked 
| 134|0x0000000723800000, 0x0000000723a00000, 0x0000000723a00000|100%|HS|  |TAMS 0x0000000723a00000, 0x0000000723800000| Complete 
| 135|0x0000000723a00000, 0x0000000723c00000, 0x0000000723c00000|100%|HC|  |TAMS 0x0000000723c00000, 0x0000000723a00000| Complete 
| 136|0x0000000723c00000, 0x0000000723e00000, 0x0000000723e00000|100%|HS|  |TAMS 0x0000000723e00000, 0x0000000723c00000| Complete 
| 137|0x0000000723e00000, 0x0000000724000000, 0x0000000724000000|100%|HC|  |TAMS 0x0000000724000000, 0x0000000723e00000| Complete 
| 138|0x0000000724000000, 0x0000000724200000, 0x0000000724200000|100%| O|  |TAMS 0x0000000724000000, 0x0000000724000000| Untracked 
| 139|0x0000000724200000, 0x0000000724400000, 0x0000000724400000|100%| O|  |TAMS 0x0000000724200000, 0x0000000724200000| Untracked 
| 140|0x0000000724400000, 0x0000000724600000, 0x0000000724600000|100%| O|  |TAMS 0x0000000724400000, 0x0000000724400000| Untracked 
| 141|0x0000000724600000, 0x0000000724800000, 0x0000000724800000|100%| O|  |TAMS 0x0000000724600000, 0x0000000724600000| Untracked 
| 142|0x0000000724800000, 0x0000000724a00000, 0x0000000724a00000|100%| O|  |TAMS 0x0000000724800000, 0x0000000724800000| Untracked 
| 143|0x0000000724a00000, 0x0000000724c00000, 0x0000000724c00000|100%| O|  |TAMS 0x0000000724a00000, 0x0000000724a00000| Untracked 
| 144|0x0000000724c00000, 0x0000000724e00000, 0x0000000724e00000|100%| O|  |TAMS 0x0000000724c00000, 0x0000000724c00000| Untracked 
| 145|0x0000000724e00000, 0x0000000725000000, 0x0000000725000000|100%| O|  |TAMS 0x0000000724e00000, 0x0000000724e00000| Untracked 
| 146|0x0000000725000000, 0x0000000725200000, 0x0000000725200000|100%| O|  |TAMS 0x0000000725000000, 0x0000000725000000| Untracked 
| 147|0x0000000725200000, 0x0000000725400000, 0x0000000725400000|100%| O|  |TAMS 0x0000000725200000, 0x0000000725200000| Untracked 
| 148|0x0000000725400000, 0x0000000725600000, 0x0000000725600000|100%| O|  |TAMS 0x0000000725400000, 0x0000000725400000| Untracked 
| 149|0x0000000725600000, 0x0000000725800000, 0x0000000725800000|100%| O|  |TAMS 0x0000000725600000, 0x0000000725600000| Untracked 
| 150|0x0000000725800000, 0x0000000725a00000, 0x0000000725a00000|100%| O|  |TAMS 0x0000000725800000, 0x0000000725800000| Untracked 
| 151|0x0000000725a00000, 0x0000000725c00000, 0x0000000725c00000|100%| O|  |TAMS 0x0000000725a00000, 0x0000000725a00000| Untracked 
| 152|0x0000000725c00000, 0x0000000725e00000, 0x0000000725e00000|100%| O|  |TAMS 0x0000000725c00000, 0x0000000725c00000| Untracked 
| 153|0x0000000725e00000, 0x0000000726000000, 0x0000000726000000|100%| O|  |TAMS 0x0000000725e00000, 0x0000000725e00000| Untracked 
| 154|0x0000000726000000, 0x0000000726200000, 0x0000000726200000|100%| O|  |TAMS 0x0000000726000000, 0x0000000726000000| Untracked 
| 155|0x0000000726200000, 0x0000000726400000, 0x0000000726400000|100%| O|  |TAMS 0x0000000726200000, 0x0000000726200000| Untracked 
| 156|0x0000000726400000, 0x0000000726600000, 0x0000000726600000|100%| O|  |TAMS 0x0000000726400000, 0x0000000726400000| Untracked 
| 157|0x0000000726600000, 0x0000000726800000, 0x0000000726800000|100%| O|  |TAMS 0x0000000726600000, 0x0000000726600000| Untracked 
| 158|0x0000000726800000, 0x0000000726a00000, 0x0000000726a00000|100%| O|  |TAMS 0x0000000726800000, 0x0000000726800000| Untracked 
| 159|0x0000000726a00000, 0x0000000726c00000, 0x0000000726c00000|100%| O|  |TAMS 0x0000000726a00000, 0x0000000726a00000| Untracked 
| 160|0x0000000726c00000, 0x0000000726e00000, 0x0000000726e00000|100%| O|  |TAMS 0x0000000726c00000, 0x0000000726c00000| Untracked 
| 161|0x0000000726e00000, 0x0000000727000000, 0x0000000727000000|100%| O|  |TAMS 0x0000000726e00000, 0x0000000726e00000| Untracked 
| 162|0x0000000727000000, 0x0000000727200000, 0x0000000727200000|100%| O|  |TAMS 0x0000000727000000, 0x0000000727000000| Untracked 
| 163|0x0000000727200000, 0x0000000727400000, 0x0000000727400000|100%| O|  |TAMS 0x0000000727200000, 0x0000000727200000| Untracked 
| 164|0x0000000727400000, 0x0000000727600000, 0x0000000727600000|100%| O|  |TAMS 0x0000000727400000, 0x0000000727400000| Untracked 
| 165|0x0000000727600000, 0x0000000727800000, 0x0000000727800000|100%| O|  |TAMS 0x0000000727600000, 0x0000000727600000| Untracked 
| 166|0x0000000727800000, 0x0000000727a00000, 0x0000000727a00000|100%| O|  |TAMS 0x0000000727800000, 0x0000000727800000| Untracked 
| 167|0x0000000727a00000, 0x0000000727c00000, 0x0000000727c00000|100%| O|  |TAMS 0x0000000727a00000, 0x0000000727a00000| Untracked 
| 168|0x0000000727c00000, 0x0000000727e00000, 0x0000000727e00000|100%| O|  |TAMS 0x0000000727c00000, 0x0000000727c00000| Untracked 
| 169|0x0000000727e00000, 0x0000000728000000, 0x0000000728000000|100%| O|  |TAMS 0x0000000727e00000, 0x0000000727e00000| Untracked 
| 170|0x0000000728000000, 0x0000000728200000, 0x0000000728200000|100%| O|  |TAMS 0x0000000728000000, 0x0000000728000000| Untracked 
| 171|0x0000000728200000, 0x0000000728400000, 0x0000000728400000|100%| O|  |TAMS 0x0000000728200000, 0x0000000728200000| Untracked 
| 172|0x0000000728400000, 0x0000000728600000, 0x0000000728600000|100%| O|  |TAMS 0x0000000728400000, 0x0000000728400000| Untracked 
| 173|0x0000000728600000, 0x0000000728800000, 0x0000000728800000|100%| O|  |TAMS 0x0000000728600000, 0x0000000728600000| Untracked 
| 174|0x0000000728800000, 0x0000000728a00000, 0x0000000728a00000|100%| O|  |TAMS 0x0000000728800000, 0x0000000728800000| Untracked 
| 175|0x0000000728a00000, 0x0000000728c00000, 0x0000000728c00000|100%| O|  |TAMS 0x0000000728a00000, 0x0000000728a00000| Untracked 
| 176|0x0000000728c00000, 0x0000000728e00000, 0x0000000728e00000|100%| O|  |TAMS 0x0000000728c00000, 0x0000000728c00000| Untracked 
| 177|0x0000000728e00000, 0x0000000729000000, 0x0000000729000000|100%| O|  |TAMS 0x0000000728e00000, 0x0000000728e00000| Untracked 
| 178|0x0000000729000000, 0x0000000729200000, 0x0000000729200000|100%|HS|  |TAMS 0x0000000729000000, 0x0000000729000000| Complete 
| 179|0x0000000729200000, 0x0000000729400000, 0x0000000729400000|100%| O|  |TAMS 0x0000000729200000, 0x0000000729200000| Untracked 
| 180|0x0000000729400000, 0x0000000729600000, 0x0000000729600000|100%| O|  |TAMS 0x0000000729400000, 0x0000000729400000| Untracked 
| 181|0x0000000729600000, 0x0000000729800000, 0x0000000729800000|100%| O|  |TAMS 0x0000000729600000, 0x0000000729600000| Untracked 
| 182|0x0000000729800000, 0x0000000729a00000, 0x0000000729a00000|100%| O|  |TAMS 0x0000000729800000, 0x0000000729800000| Untracked 
| 183|0x0000000729a00000, 0x0000000729c00000, 0x0000000729c00000|100%| O|  |TAMS 0x0000000729a00000, 0x0000000729a00000| Untracked 
| 184|0x0000000729c00000, 0x0000000729e00000, 0x0000000729e00000|100%| O|  |TAMS 0x0000000729c00000, 0x0000000729c00000| Untracked 
| 185|0x0000000729e00000, 0x000000072a000000, 0x000000072a000000|100%| O|  |TAMS 0x0000000729e00000, 0x0000000729e00000| Untracked 
| 186|0x000000072a000000, 0x000000072a200000, 0x000000072a200000|100%| O|  |TAMS 0x000000072a000000, 0x000000072a000000| Untracked 
| 187|0x000000072a200000, 0x000000072a400000, 0x000000072a400000|100%| O|  |TAMS 0x000000072a200000, 0x000000072a200000| Untracked 
| 188|0x000000072a400000, 0x000000072a600000, 0x000000072a600000|100%| O|  |TAMS 0x000000072a400000, 0x000000072a400000| Untracked 
| 189|0x000000072a600000, 0x000000072a800000, 0x000000072a800000|100%| O|  |TAMS 0x000000072a600000, 0x000000072a600000| Untracked 
| 190|0x000000072a800000, 0x000000072aa00000, 0x000000072aa00000|100%| O|  |TAMS 0x000000072a800000, 0x000000072a800000| Untracked 
| 191|0x000000072aa00000, 0x000000072ac00000, 0x000000072ac00000|100%| O|  |TAMS 0x000000072aa00000, 0x000000072aa00000| Untracked 
| 192|0x000000072ac00000, 0x000000072ae00000, 0x000000072ae00000|100%| O|  |TAMS 0x000000072ac00000, 0x000000072ac00000| Untracked 
| 193|0x000000072ae00000, 0x000000072b000000, 0x000000072b000000|100%| O|  |TAMS 0x000000072ae00000, 0x000000072ae00000| Untracked 
| 194|0x000000072b000000, 0x000000072b200000, 0x000000072b200000|100%| O|  |TAMS 0x000000072b000000, 0x000000072b000000| Untracked 
| 195|0x000000072b200000, 0x000000072b400000, 0x000000072b400000|100%| O|  |TAMS 0x000000072b200000, 0x000000072b200000| Untracked 
| 196|0x000000072b400000, 0x000000072b600000, 0x000000072b600000|100%| O|  |TAMS 0x000000072b400000, 0x000000072b400000| Untracked 
| 197|0x000000072b600000, 0x000000072b800000, 0x000000072b800000|100%|HS|  |TAMS 0x000000072b600000, 0x000000072b600000| Complete 
| 198|0x000000072b800000, 0x000000072ba00000, 0x000000072ba00000|100%|HS|  |TAMS 0x000000072b800000, 0x000000072b800000| Complete 
| 199|0x000000072ba00000, 0x000000072bc00000, 0x000000072bc00000|100%|HS|  |TAMS 0x000000072ba00000, 0x000000072ba00000| Complete 
| 200|0x000000072bc00000, 0x000000072be00000, 0x000000072be00000|100%| O|  |TAMS 0x000000072bc00000, 0x000000072bc00000| Untracked 
| 201|0x000000072be00000, 0x000000072c000000, 0x000000072c000000|100%| O|  |TAMS 0x000000072be00000, 0x000000072be00000| Untracked 
| 202|0x000000072c000000, 0x000000072c200000, 0x000000072c200000|100%|HS|  |TAMS 0x000000072c000000, 0x000000072c000000| Complete 
| 203|0x000000072c200000, 0x000000072c400000, 0x000000072c400000|100%|HC|  |TAMS 0x000000072c200000, 0x000000072c200000| Complete 
| 204|0x000000072c400000, 0x000000072c600000, 0x000000072c600000|100%|HS|  |TAMS 0x000000072c400000, 0x000000072c400000| Complete 
| 205|0x000000072c600000, 0x000000072c800000, 0x000000072c800000|100%|HS|  |TAMS 0x000000072c600000, 0x000000072c600000| Complete 
| 206|0x000000072c800000, 0x000000072ca00000, 0x000000072ca00000|100%|HC|  |TAMS 0x000000072c800000, 0x000000072c800000| Complete 
| 207|0x000000072ca00000, 0x000000072cc00000, 0x000000072cc00000|100%|HS|  |TAMS 0x000000072ca00000, 0x000000072ca00000| Complete 
| 208|0x000000072cc00000, 0x000000072ce00000, 0x000000072ce00000|100%|HC|  |TAMS 0x000000072cc00000, 0x000000072cc00000| Complete 
| 209|0x000000072ce00000, 0x000000072d000000, 0x000000072d000000|100%|HS|  |TAMS 0x000000072ce00000, 0x000000072ce00000| Complete 
| 210|0x000000072d000000, 0x000000072d200000, 0x000000072d200000|100%|HC|  |TAMS 0x000000072d000000, 0x000000072d000000| Complete 
| 211|0x000000072d200000, 0x000000072d400000, 0x000000072d400000|100%| O|  |TAMS 0x000000072d200000, 0x000000072d200000| Untracked 
| 212|0x000000072d400000, 0x000000072d600000, 0x000000072d600000|100%| O|  |TAMS 0x000000072d400000, 0x000000072d400000| Untracked 
| 213|0x000000072d600000, 0x000000072d800000, 0x000000072d800000|100%| O|  |TAMS 0x000000072d600000, 0x000000072d600000| Untracked 
| 214|0x000000072d800000, 0x000000072da00000, 0x000000072da00000|100%| O|  |TAMS 0x000000072d800000, 0x000000072d800000| Untracked 
| 215|0x000000072da00000, 0x000000072dc00000, 0x000000072dc00000|100%| O|  |TAMS 0x000000072da00000, 0x000000072da00000| Untracked 
| 216|0x000000072dc00000, 0x000000072de00000, 0x000000072de00000|100%| O|  |TAMS 0x000000072dc00000, 0x000000072dc00000| Untracked 
| 217|0x000000072de00000, 0x000000072e000000, 0x000000072e000000|100%| O|  |TAMS 0x000000072de00000, 0x000000072de00000| Untracked 
| 218|0x000000072e000000, 0x000000072e200000, 0x000000072e200000|100%| O|  |TAMS 0x000000072e000000, 0x000000072e000000| Untracked 
| 219|0x000000072e200000, 0x000000072e400000, 0x000000072e400000|100%| O|  |TAMS 0x000000072e200000, 0x000000072e200000| Untracked 
| 220|0x000000072e400000, 0x000000072e600000, 0x000000072e600000|100%| O|  |TAMS 0x000000072e400000, 0x000000072e400000| Untracked 
| 221|0x000000072e600000, 0x000000072e800000, 0x000000072e800000|100%| O|  |TAMS 0x000000072e600000, 0x000000072e600000| Untracked 
| 222|0x000000072e800000, 0x000000072ea00000, 0x000000072ea00000|100%| O|  |TAMS 0x000000072e800000, 0x000000072e800000| Untracked 
| 223|0x000000072ea00000, 0x000000072eaa0800, 0x000000072ec00000| 31%| O|  |TAMS 0x000000072ea00000, 0x000000072ea00000| Untracked 
| 224|0x000000072ec00000, 0x000000072ec00000, 0x000000072ee00000|  0%| F|  |TAMS 0x000000072ec00000, 0x000000072ec00000| Untracked 
| 225|0x000000072ee00000, 0x000000072ee00000, 0x000000072f000000|  0%| F|  |TAMS 0x000000072ee00000, 0x000000072ee00000| Untracked 
| 226|0x000000072f000000, 0x000000072f000000, 0x000000072f200000|  0%| F|  |TAMS 0x000000072f000000, 0x000000072f000000| Untracked 
| 227|0x000000072f200000, 0x000000072f200000, 0x000000072f400000|  0%| F|  |TAMS 0x000000072f200000, 0x000000072f200000| Untracked 
| 228|0x000000072f400000, 0x000000072f400000, 0x000000072f600000|  0%| F|  |TAMS 0x000000072f400000, 0x000000072f400000| Untracked 
| 229|0x000000072f600000, 0x000000072f600000, 0x000000072f800000|  0%| F|  |TAMS 0x000000072f600000, 0x000000072f600000| Untracked 
| 230|0x000000072f800000, 0x000000072f800000, 0x000000072fa00000|  0%| F|  |TAMS 0x000000072f800000, 0x000000072f800000| Untracked 
| 231|0x000000072fa00000, 0x000000072fa00000, 0x000000072fc00000|  0%| F|  |TAMS 0x000000072fa00000, 0x000000072fa00000| Untracked 
| 232|0x000000072fc00000, 0x000000072fc00000, 0x000000072fe00000|  0%| F|  |TAMS 0x000000072fc00000, 0x000000072fc00000| Untracked 
| 233|0x000000072fe00000, 0x000000072fe00000, 0x0000000730000000|  0%| F|  |TAMS 0x000000072fe00000, 0x000000072fe00000| Untracked 
| 234|0x0000000730000000, 0x0000000730000000, 0x0000000730200000|  0%| F|  |TAMS 0x0000000730000000, 0x0000000730000000| Untracked 
| 235|0x0000000730200000, 0x0000000730200000, 0x0000000730400000|  0%| F|  |TAMS 0x0000000730200000, 0x0000000730200000| Untracked 
| 236|0x0000000730400000, 0x0000000730400000, 0x0000000730600000|  0%| F|  |TAMS 0x0000000730400000, 0x0000000730400000| Untracked 
| 237|0x0000000730600000, 0x0000000730600000, 0x0000000730800000|  0%| F|  |TAMS 0x0000000730600000, 0x0000000730600000| Untracked 
| 238|0x0000000730800000, 0x0000000730800000, 0x0000000730a00000|  0%| F|  |TAMS 0x0000000730800000, 0x0000000730800000| Untracked 
| 239|0x0000000730a00000, 0x0000000730a00000, 0x0000000730c00000|  0%| F|  |TAMS 0x0000000730a00000, 0x0000000730a00000| Untracked 
| 240|0x0000000730c00000, 0x0000000730c00000, 0x0000000730e00000|  0%| F|  |TAMS 0x0000000730c00000, 0x0000000730c00000| Untracked 
| 241|0x0000000730e00000, 0x0000000730e00000, 0x0000000731000000|  0%| F|  |TAMS 0x0000000730e00000, 0x0000000730e00000| Untracked 
| 242|0x0000000731000000, 0x0000000731000000, 0x0000000731200000|  0%| F|  |TAMS 0x0000000731000000, 0x0000000731000000| Untracked 
| 243|0x0000000731200000, 0x0000000731200000, 0x0000000731400000|  0%| F|  |TAMS 0x0000000731200000, 0x0000000731200000| Untracked 
| 244|0x0000000731400000, 0x0000000731400000, 0x0000000731600000|  0%| F|  |TAMS 0x0000000731400000, 0x0000000731400000| Untracked 
| 245|0x0000000731600000, 0x0000000731600000, 0x0000000731800000|  0%| F|  |TAMS 0x0000000731600000, 0x0000000731600000| Untracked 
| 246|0x0000000731800000, 0x0000000731800000, 0x0000000731a00000|  0%| F|  |TAMS 0x0000000731800000, 0x0000000731800000| Untracked 
| 247|0x0000000731a00000, 0x0000000731a00000, 0x0000000731c00000|  0%| F|  |TAMS 0x0000000731a00000, 0x0000000731a00000| Untracked 
| 248|0x0000000731c00000, 0x0000000731c00000, 0x0000000731e00000|  0%| F|  |TAMS 0x0000000731c00000, 0x0000000731c00000| Untracked 
| 249|0x0000000731e00000, 0x0000000731e00000, 0x0000000732000000|  0%| F|  |TAMS 0x0000000731e00000, 0x0000000731e00000| Untracked 
| 250|0x0000000732000000, 0x0000000732000000, 0x0000000732200000|  0%| F|  |TAMS 0x0000000732000000, 0x0000000732000000| Untracked 
| 251|0x0000000732200000, 0x0000000732200000, 0x0000000732400000|  0%| F|  |TAMS 0x0000000732200000, 0x0000000732200000| Untracked 
| 252|0x0000000732400000, 0x0000000732400000, 0x0000000732600000|  0%| F|  |TAMS 0x0000000732400000, 0x0000000732400000| Untracked 
| 253|0x0000000732600000, 0x0000000732600000, 0x0000000732800000|  0%| F|  |TAMS 0x0000000732600000, 0x0000000732600000| Untracked 
| 254|0x0000000732800000, 0x0000000732800000, 0x0000000732a00000|  0%| F|  |TAMS 0x0000000732800000, 0x0000000732800000| Untracked 
| 255|0x0000000732a00000, 0x0000000732a00000, 0x0000000732c00000|  0%| F|  |TAMS 0x0000000732a00000, 0x0000000732a00000| Untracked 
| 256|0x0000000732c00000, 0x0000000732c00000, 0x0000000732e00000|  0%| F|  |TAMS 0x0000000732c00000, 0x0000000732c00000| Untracked 
| 257|0x0000000732e00000, 0x0000000732e00000, 0x0000000733000000|  0%| F|  |TAMS 0x0000000732e00000, 0x0000000732e00000| Untracked 
| 258|0x0000000733000000, 0x0000000733000000, 0x0000000733200000|  0%| F|  |TAMS 0x0000000733000000, 0x0000000733000000| Untracked 
| 259|0x0000000733200000, 0x0000000733200000, 0x0000000733400000|  0%| F|  |TAMS 0x0000000733200000, 0x0000000733200000| Untracked 
| 260|0x0000000733400000, 0x0000000733400000, 0x0000000733600000|  0%| F|  |TAMS 0x0000000733400000, 0x0000000733400000| Untracked 
| 261|0x0000000733600000, 0x0000000733600000, 0x0000000733800000|  0%| F|  |TAMS 0x0000000733600000, 0x0000000733600000| Untracked 
| 262|0x0000000733800000, 0x0000000733800000, 0x0000000733a00000|  0%| F|  |TAMS 0x0000000733800000, 0x0000000733800000| Untracked 
| 263|0x0000000733a00000, 0x0000000733a00000, 0x0000000733c00000|  0%| F|  |TAMS 0x0000000733a00000, 0x0000000733a00000| Untracked 
| 264|0x0000000733c00000, 0x0000000733c00000, 0x0000000733e00000|  0%| F|  |TAMS 0x0000000733c00000, 0x0000000733c00000| Untracked 
| 265|0x0000000733e00000, 0x0000000733e00000, 0x0000000734000000|  0%| F|  |TAMS 0x0000000733e00000, 0x0000000733e00000| Untracked 
| 266|0x0000000734000000, 0x0000000734000000, 0x0000000734200000|  0%| F|  |TAMS 0x0000000734000000, 0x0000000734000000| Untracked 
| 267|0x0000000734200000, 0x0000000734200000, 0x0000000734400000|  0%| F|  |TAMS 0x0000000734200000, 0x0000000734200000| Untracked 
| 268|0x0000000734400000, 0x0000000734400000, 0x0000000734600000|  0%| F|  |TAMS 0x0000000734400000, 0x0000000734400000| Untracked 
| 269|0x0000000734600000, 0x0000000734600000, 0x0000000734800000|  0%| F|  |TAMS 0x0000000734600000, 0x0000000734600000| Untracked 
| 270|0x0000000734800000, 0x0000000734800000, 0x0000000734a00000|  0%| F|  |TAMS 0x0000000734800000, 0x0000000734800000| Untracked 
| 271|0x0000000734a00000, 0x0000000734a00000, 0x0000000734c00000|  0%| F|  |TAMS 0x0000000734a00000, 0x0000000734a00000| Untracked 
| 272|0x0000000734c00000, 0x0000000734c00000, 0x0000000734e00000|  0%| F|  |TAMS 0x0000000734c00000, 0x0000000734c00000| Untracked 
| 273|0x0000000734e00000, 0x0000000734e00000, 0x0000000735000000|  0%| F|  |TAMS 0x0000000734e00000, 0x0000000734e00000| Untracked 
| 274|0x0000000735000000, 0x0000000735000000, 0x0000000735200000|  0%| F|  |TAMS 0x0000000735000000, 0x0000000735000000| Untracked 
| 275|0x0000000735200000, 0x0000000735200000, 0x0000000735400000|  0%| F|  |TAMS 0x0000000735200000, 0x0000000735200000| Untracked 
| 276|0x0000000735400000, 0x00000007354078f0, 0x0000000735600000|  1%| S|CS|TAMS 0x0000000735400000, 0x0000000735400000| Complete 
| 277|0x0000000735600000, 0x0000000735600000, 0x0000000735800000|  0%| F|  |TAMS 0x0000000735600000, 0x0000000735600000| Untracked 
| 278|0x0000000735800000, 0x0000000735800000, 0x0000000735a00000|  0%| F|  |TAMS 0x0000000735800000, 0x0000000735800000| Untracked 
| 279|0x0000000735a00000, 0x0000000735a00000, 0x0000000735c00000|  0%| F|  |TAMS 0x0000000735a00000, 0x0000000735a00000| Untracked 
| 280|0x0000000735c00000, 0x0000000735c00000, 0x0000000735e00000|  0%| F|  |TAMS 0x0000000735c00000, 0x0000000735c00000| Untracked 
| 281|0x0000000735e00000, 0x0000000735e00000, 0x0000000736000000|  0%| F|  |TAMS 0x0000000735e00000, 0x0000000735e00000| Untracked 
| 282|0x0000000736000000, 0x0000000736000000, 0x0000000736200000|  0%| F|  |TAMS 0x0000000736000000, 0x0000000736000000| Untracked 
| 283|0x0000000736200000, 0x0000000736200000, 0x0000000736400000|  0%| F|  |TAMS 0x0000000736200000, 0x0000000736200000| Untracked 
| 284|0x0000000736400000, 0x0000000736400000, 0x0000000736600000|  0%| F|  |TAMS 0x0000000736400000, 0x0000000736400000| Untracked 
| 285|0x0000000736600000, 0x0000000736600000, 0x0000000736800000|  0%| F|  |TAMS 0x0000000736600000, 0x0000000736600000| Untracked 
| 286|0x0000000736800000, 0x0000000736800000, 0x0000000736a00000|  0%| F|  |TAMS 0x0000000736800000, 0x0000000736800000| Untracked 
| 287|0x0000000736a00000, 0x0000000736a00000, 0x0000000736c00000|  0%| F|  |TAMS 0x0000000736a00000, 0x0000000736a00000| Untracked 
| 288|0x0000000736c00000, 0x0000000736c00000, 0x0000000736e00000|  0%| F|  |TAMS 0x0000000736c00000, 0x0000000736c00000| Untracked 
| 289|0x0000000736e00000, 0x0000000736e00000, 0x0000000737000000|  0%| F|  |TAMS 0x0000000736e00000, 0x0000000736e00000| Untracked 
| 290|0x0000000737000000, 0x0000000737000000, 0x0000000737200000|  0%| F|  |TAMS 0x0000000737000000, 0x0000000737000000| Untracked 
| 291|0x0000000737200000, 0x0000000737200000, 0x0000000737400000|  0%| F|  |TAMS 0x0000000737200000, 0x0000000737200000| Untracked 
| 292|0x0000000737400000, 0x0000000737400000, 0x0000000737600000|  0%| F|  |TAMS 0x0000000737400000, 0x0000000737400000| Untracked 
| 293|0x0000000737600000, 0x0000000737600000, 0x0000000737800000|  0%| F|  |TAMS 0x0000000737600000, 0x0000000737600000| Untracked 
| 294|0x0000000737800000, 0x0000000737800000, 0x0000000737a00000|  0%| F|  |TAMS 0x0000000737800000, 0x0000000737800000| Untracked 
| 295|0x0000000737a00000, 0x0000000737a00000, 0x0000000737c00000|  0%| F|  |TAMS 0x0000000737a00000, 0x0000000737a00000| Untracked 
| 296|0x0000000737c00000, 0x0000000737c00000, 0x0000000737e00000|  0%| F|  |TAMS 0x0000000737c00000, 0x0000000737c00000| Untracked 
| 297|0x0000000737e00000, 0x0000000737e00000, 0x0000000738000000|  0%| F|  |TAMS 0x0000000737e00000, 0x0000000737e00000| Untracked 
| 298|0x0000000738000000, 0x0000000738000000, 0x0000000738200000|  0%| F|  |TAMS 0x0000000738000000, 0x0000000738000000| Untracked 
| 299|0x0000000738200000, 0x0000000738200000, 0x0000000738400000|  0%| F|  |TAMS 0x0000000738200000, 0x0000000738200000| Untracked 
| 300|0x0000000738400000, 0x0000000738400000, 0x0000000738600000|  0%| F|  |TAMS 0x0000000738400000, 0x0000000738400000| Untracked 
| 301|0x0000000738600000, 0x0000000738600000, 0x0000000738800000|  0%| F|  |TAMS 0x0000000738600000, 0x0000000738600000| Untracked 
| 302|0x0000000738800000, 0x0000000738800000, 0x0000000738a00000|  0%| F|  |TAMS 0x0000000738800000, 0x0000000738800000| Untracked 
| 303|0x0000000738a00000, 0x0000000738a00000, 0x0000000738c00000|  0%| F|  |TAMS 0x0000000738a00000, 0x0000000738a00000| Untracked 
| 304|0x0000000738c00000, 0x0000000738c00000, 0x0000000738e00000|  0%| F|  |TAMS 0x0000000738c00000, 0x0000000738c00000| Untracked 
| 305|0x0000000738e00000, 0x0000000738e00000, 0x0000000739000000|  0%| F|  |TAMS 0x0000000738e00000, 0x0000000738e00000| Untracked 
| 306|0x0000000739000000, 0x0000000739000000, 0x0000000739200000|  0%| F|  |TAMS 0x0000000739000000, 0x0000000739000000| Untracked 
| 307|0x0000000739200000, 0x0000000739200000, 0x0000000739400000|  0%| F|  |TAMS 0x0000000739200000, 0x0000000739200000| Untracked 
| 308|0x0000000739400000, 0x0000000739400000, 0x0000000739600000|  0%| F|  |TAMS 0x0000000739400000, 0x0000000739400000| Untracked 
| 309|0x0000000739600000, 0x0000000739600000, 0x0000000739800000|  0%| F|  |TAMS 0x0000000739600000, 0x0000000739600000| Untracked 
| 310|0x0000000739800000, 0x0000000739800000, 0x0000000739a00000|  0%| F|  |TAMS 0x0000000739800000, 0x0000000739800000| Untracked 
| 311|0x0000000739a00000, 0x0000000739a00000, 0x0000000739c00000|  0%| F|  |TAMS 0x0000000739a00000, 0x0000000739a00000| Untracked 
| 312|0x0000000739c00000, 0x0000000739c00000, 0x0000000739e00000|  0%| F|  |TAMS 0x0000000739c00000, 0x0000000739c00000| Untracked 
| 313|0x0000000739e00000, 0x0000000739e00000, 0x000000073a000000|  0%| F|  |TAMS 0x0000000739e00000, 0x0000000739e00000| Untracked 
| 314|0x000000073a000000, 0x000000073a000000, 0x000000073a200000|  0%| F|  |TAMS 0x000000073a000000, 0x000000073a000000| Untracked 
| 315|0x000000073a200000, 0x000000073a200000, 0x000000073a400000|  0%| F|  |TAMS 0x000000073a200000, 0x000000073a200000| Untracked 
| 316|0x000000073a400000, 0x000000073a400000, 0x000000073a600000|  0%| F|  |TAMS 0x000000073a400000, 0x000000073a400000| Untracked 
| 317|0x000000073a600000, 0x000000073a600000, 0x000000073a800000|  0%| F|  |TAMS 0x000000073a600000, 0x000000073a600000| Untracked 
| 318|0x000000073a800000, 0x000000073a800000, 0x000000073aa00000|  0%| F|  |TAMS 0x000000073a800000, 0x000000073a800000| Untracked 
| 319|0x000000073aa00000, 0x000000073aa00000, 0x000000073ac00000|  0%| F|  |TAMS 0x000000073aa00000, 0x000000073aa00000| Untracked 
| 320|0x000000073ac00000, 0x000000073ac00000, 0x000000073ae00000|  0%| F|  |TAMS 0x000000073ac00000, 0x000000073ac00000| Untracked 
| 321|0x000000073ae00000, 0x000000073ae00000, 0x000000073b000000|  0%| F|  |TAMS 0x000000073ae00000, 0x000000073ae00000| Untracked 
| 322|0x000000073b000000, 0x000000073b000000, 0x000000073b200000|  0%| F|  |TAMS 0x000000073b000000, 0x000000073b000000| Untracked 
| 323|0x000000073b200000, 0x000000073b200000, 0x000000073b400000|  0%| F|  |TAMS 0x000000073b200000, 0x000000073b200000| Untracked 
| 324|0x000000073b400000, 0x000000073b400000, 0x000000073b600000|  0%| F|  |TAMS 0x000000073b400000, 0x000000073b400000| Untracked 
| 325|0x000000073b600000, 0x000000073b600000, 0x000000073b800000|  0%| F|  |TAMS 0x000000073b600000, 0x000000073b600000| Untracked 
| 326|0x000000073b800000, 0x000000073b800000, 0x000000073ba00000|  0%| F|  |TAMS 0x000000073b800000, 0x000000073b800000| Untracked 
| 327|0x000000073ba00000, 0x000000073ba00000, 0x000000073bc00000|  0%| F|  |TAMS 0x000000073ba00000, 0x000000073ba00000| Untracked 
| 328|0x000000073bc00000, 0x000000073bc00000, 0x000000073be00000|  0%| F|  |TAMS 0x000000073bc00000, 0x000000073bc00000| Untracked 
| 329|0x000000073be00000, 0x000000073be00000, 0x000000073c000000|  0%| F|  |TAMS 0x000000073be00000, 0x000000073be00000| Untracked 
| 330|0x000000073c000000, 0x000000073c000000, 0x000000073c200000|  0%| F|  |TAMS 0x000000073c000000, 0x000000073c000000| Untracked 
| 331|0x000000073c200000, 0x000000073c200000, 0x000000073c400000|  0%| F|  |TAMS 0x000000073c200000, 0x000000073c200000| Untracked 
| 332|0x000000073c400000, 0x000000073c400000, 0x000000073c600000|  0%| F|  |TAMS 0x000000073c400000, 0x000000073c400000| Untracked 
| 333|0x000000073c600000, 0x000000073c600000, 0x000000073c800000|  0%| F|  |TAMS 0x000000073c600000, 0x000000073c600000| Untracked 
| 334|0x000000073c800000, 0x000000073c800000, 0x000000073ca00000|  0%| F|  |TAMS 0x000000073c800000, 0x000000073c800000| Untracked 
| 335|0x000000073ca00000, 0x000000073ca00000, 0x000000073cc00000|  0%| F|  |TAMS 0x000000073ca00000, 0x000000073ca00000| Untracked 
| 336|0x000000073cc00000, 0x000000073cc00000, 0x000000073ce00000|  0%| F|  |TAMS 0x000000073cc00000, 0x000000073cc00000| Untracked 
| 337|0x000000073ce00000, 0x000000073ce00000, 0x000000073d000000|  0%| F|  |TAMS 0x000000073ce00000, 0x000000073ce00000| Untracked 
| 338|0x000000073d000000, 0x000000073d000000, 0x000000073d200000|  0%| F|  |TAMS 0x000000073d000000, 0x000000073d000000| Untracked 
| 339|0x000000073d200000, 0x000000073d200000, 0x000000073d400000|  0%| F|  |TAMS 0x000000073d200000, 0x000000073d200000| Untracked 
| 340|0x000000073d400000, 0x000000073d400000, 0x000000073d600000|  0%| F|  |TAMS 0x000000073d400000, 0x000000073d400000| Untracked 
| 341|0x000000073d600000, 0x000000073d600000, 0x000000073d800000|  0%| F|  |TAMS 0x000000073d600000, 0x000000073d600000| Untracked 
| 342|0x000000073d800000, 0x000000073d800000, 0x000000073da00000|  0%| F|  |TAMS 0x000000073d800000, 0x000000073d800000| Untracked 
| 343|0x000000073da00000, 0x000000073da00000, 0x000000073dc00000|  0%| F|  |TAMS 0x000000073da00000, 0x000000073da00000| Untracked 
| 344|0x000000073dc00000, 0x000000073dc00000, 0x000000073de00000|  0%| F|  |TAMS 0x000000073dc00000, 0x000000073dc00000| Untracked 
| 345|0x000000073de00000, 0x000000073de00000, 0x000000073e000000|  0%| F|  |TAMS 0x000000073de00000, 0x000000073de00000| Untracked 
| 346|0x000000073e000000, 0x000000073e000000, 0x000000073e200000|  0%| F|  |TAMS 0x000000073e000000, 0x000000073e000000| Untracked 
| 347|0x000000073e200000, 0x000000073e200000, 0x000000073e400000|  0%| F|  |TAMS 0x000000073e200000, 0x000000073e200000| Untracked 
| 348|0x000000073e400000, 0x000000073e400000, 0x000000073e600000|  0%| F|  |TAMS 0x000000073e400000, 0x000000073e400000| Untracked 
| 349|0x000000073e600000, 0x000000073e600000, 0x000000073e800000|  0%| F|  |TAMS 0x000000073e600000, 0x000000073e600000| Untracked 
| 350|0x000000073e800000, 0x000000073e800000, 0x000000073ea00000|  0%| F|  |TAMS 0x000000073e800000, 0x000000073e800000| Untracked 
| 351|0x000000073ea00000, 0x000000073ea00000, 0x000000073ec00000|  0%| F|  |TAMS 0x000000073ea00000, 0x000000073ea00000| Untracked 
| 352|0x000000073ec00000, 0x000000073ec00000, 0x000000073ee00000|  0%| F|  |TAMS 0x000000073ec00000, 0x000000073ec00000| Untracked 
| 353|0x000000073ee00000, 0x000000073ee00000, 0x000000073f000000|  0%| F|  |TAMS 0x000000073ee00000, 0x000000073ee00000| Untracked 
| 354|0x000000073f000000, 0x000000073f000000, 0x000000073f200000|  0%| F|  |TAMS 0x000000073f000000, 0x000000073f000000| Untracked 
| 355|0x000000073f200000, 0x000000073f200000, 0x000000073f400000|  0%| F|  |TAMS 0x000000073f200000, 0x000000073f200000| Untracked 
| 356|0x000000073f400000, 0x000000073f400000, 0x000000073f600000|  0%| F|  |TAMS 0x000000073f400000, 0x000000073f400000| Untracked 
| 357|0x000000073f600000, 0x000000073f600000, 0x000000073f800000|  0%| F|  |TAMS 0x000000073f600000, 0x000000073f600000| Untracked 
| 358|0x000000073f800000, 0x000000073f800000, 0x000000073fa00000|  0%| F|  |TAMS 0x000000073f800000, 0x000000073f800000| Untracked 
| 359|0x000000073fa00000, 0x000000073fa00000, 0x000000073fc00000|  0%| F|  |TAMS 0x000000073fa00000, 0x000000073fa00000| Untracked 
| 360|0x000000073fc00000, 0x000000073fc00000, 0x000000073fe00000|  0%| F|  |TAMS 0x000000073fc00000, 0x000000073fc00000| Untracked 
| 361|0x000000073fe00000, 0x000000073fe00000, 0x0000000740000000|  0%| F|  |TAMS 0x000000073fe00000, 0x000000073fe00000| Untracked 
| 362|0x0000000740000000, 0x0000000740000000, 0x0000000740200000|  0%| F|  |TAMS 0x0000000740000000, 0x0000000740000000| Untracked 
| 363|0x0000000740200000, 0x0000000740200000, 0x0000000740400000|  0%| F|  |TAMS 0x0000000740200000, 0x0000000740200000| Untracked 
| 364|0x0000000740400000, 0x0000000740400000, 0x0000000740600000|  0%| F|  |TAMS 0x0000000740400000, 0x0000000740400000| Untracked 
| 365|0x0000000740600000, 0x0000000740600000, 0x0000000740800000|  0%| F|  |TAMS 0x0000000740600000, 0x0000000740600000| Untracked 
| 366|0x0000000740800000, 0x0000000740800000, 0x0000000740a00000|  0%| F|  |TAMS 0x0000000740800000, 0x0000000740800000| Untracked 
| 367|0x0000000740a00000, 0x0000000740a00000, 0x0000000740c00000|  0%| F|  |TAMS 0x0000000740a00000, 0x0000000740a00000| Untracked 
| 368|0x0000000740c00000, 0x0000000740c00000, 0x0000000740e00000|  0%| F|  |TAMS 0x0000000740c00000, 0x0000000740c00000| Untracked 
| 369|0x0000000740e00000, 0x0000000740e00000, 0x0000000741000000|  0%| F|  |TAMS 0x0000000740e00000, 0x0000000740e00000| Untracked 
| 370|0x0000000741000000, 0x0000000741000000, 0x0000000741200000|  0%| F|  |TAMS 0x0000000741000000, 0x0000000741000000| Untracked 
| 371|0x0000000741200000, 0x0000000741200000, 0x0000000741400000|  0%| F|  |TAMS 0x0000000741200000, 0x0000000741200000| Untracked 
| 372|0x0000000741400000, 0x0000000741400000, 0x0000000741600000|  0%| F|  |TAMS 0x0000000741400000, 0x0000000741400000| Untracked 
| 373|0x0000000741600000, 0x0000000741600000, 0x0000000741800000|  0%| F|  |TAMS 0x0000000741600000, 0x0000000741600000| Untracked 
| 374|0x0000000741800000, 0x0000000741800000, 0x0000000741a00000|  0%| F|  |TAMS 0x0000000741800000, 0x0000000741800000| Untracked 
| 375|0x0000000741a00000, 0x0000000741a00000, 0x0000000741c00000|  0%| F|  |TAMS 0x0000000741a00000, 0x0000000741a00000| Untracked 
| 376|0x0000000741c00000, 0x0000000741c00000, 0x0000000741e00000|  0%| F|  |TAMS 0x0000000741c00000, 0x0000000741c00000| Untracked 
| 377|0x0000000741e00000, 0x0000000741e00000, 0x0000000742000000|  0%| F|  |TAMS 0x0000000741e00000, 0x0000000741e00000| Untracked 
| 378|0x0000000742000000, 0x0000000742000000, 0x0000000742200000|  0%| F|  |TAMS 0x0000000742000000, 0x0000000742000000| Untracked 
| 379|0x0000000742200000, 0x0000000742200000, 0x0000000742400000|  0%| F|  |TAMS 0x0000000742200000, 0x0000000742200000| Untracked 
| 380|0x0000000742400000, 0x0000000742400000, 0x0000000742600000|  0%| F|  |TAMS 0x0000000742400000, 0x0000000742400000| Untracked 
| 381|0x0000000742600000, 0x0000000742600000, 0x0000000742800000|  0%| F|  |TAMS 0x0000000742600000, 0x0000000742600000| Untracked 
| 382|0x0000000742800000, 0x0000000742800000, 0x0000000742a00000|  0%| F|  |TAMS 0x0000000742800000, 0x0000000742800000| Untracked 
| 383|0x0000000742a00000, 0x0000000742a00000, 0x0000000742c00000|  0%| F|  |TAMS 0x0000000742a00000, 0x0000000742a00000| Untracked 
| 384|0x0000000742c00000, 0x0000000742c00000, 0x0000000742e00000|  0%| F|  |TAMS 0x0000000742c00000, 0x0000000742c00000| Untracked 
| 385|0x0000000742e00000, 0x0000000742e00000, 0x0000000743000000|  0%| F|  |TAMS 0x0000000742e00000, 0x0000000742e00000| Untracked 
| 386|0x0000000743000000, 0x0000000743000000, 0x0000000743200000|  0%| F|  |TAMS 0x0000000743000000, 0x0000000743000000| Untracked 
| 387|0x0000000743200000, 0x0000000743200000, 0x0000000743400000|  0%| F|  |TAMS 0x0000000743200000, 0x0000000743200000| Untracked 
| 388|0x0000000743400000, 0x0000000743400000, 0x0000000743600000|  0%| F|  |TAMS 0x0000000743400000, 0x0000000743400000| Untracked 
| 389|0x0000000743600000, 0x0000000743600000, 0x0000000743800000|  0%| F|  |TAMS 0x0000000743600000, 0x0000000743600000| Untracked 
| 390|0x0000000743800000, 0x0000000743800000, 0x0000000743a00000|  0%| F|  |TAMS 0x0000000743800000, 0x0000000743800000| Untracked 
| 391|0x0000000743a00000, 0x0000000743a00000, 0x0000000743c00000|  0%| F|  |TAMS 0x0000000743a00000, 0x0000000743a00000| Untracked 
| 392|0x0000000743c00000, 0x0000000743c00000, 0x0000000743e00000|  0%| F|  |TAMS 0x0000000743c00000, 0x0000000743c00000| Untracked 
| 393|0x0000000743e00000, 0x0000000743e00000, 0x0000000744000000|  0%| F|  |TAMS 0x0000000743e00000, 0x0000000743e00000| Untracked 
| 394|0x0000000744000000, 0x0000000744000000, 0x0000000744200000|  0%| F|  |TAMS 0x0000000744000000, 0x0000000744000000| Untracked 
| 395|0x0000000744200000, 0x0000000744200000, 0x0000000744400000|  0%| F|  |TAMS 0x0000000744200000, 0x0000000744200000| Untracked 
| 396|0x0000000744400000, 0x0000000744400000, 0x0000000744600000|  0%| F|  |TAMS 0x0000000744400000, 0x0000000744400000| Untracked 
| 397|0x0000000744600000, 0x0000000744600000, 0x0000000744800000|  0%| F|  |TAMS 0x0000000744600000, 0x0000000744600000| Untracked 
| 398|0x0000000744800000, 0x0000000744800000, 0x0000000744a00000|  0%| F|  |TAMS 0x0000000744800000, 0x0000000744800000| Untracked 
| 399|0x0000000744a00000, 0x0000000744a00000, 0x0000000744c00000|  0%| F|  |TAMS 0x0000000744a00000, 0x0000000744a00000| Untracked 
| 400|0x0000000744c00000, 0x0000000744c00000, 0x0000000744e00000|  0%| F|  |TAMS 0x0000000744c00000, 0x0000000744c00000| Untracked 
| 401|0x0000000744e00000, 0x0000000744e00000, 0x0000000745000000|  0%| F|  |TAMS 0x0000000744e00000, 0x0000000744e00000| Untracked 
| 402|0x0000000745000000, 0x0000000745000000, 0x0000000745200000|  0%| F|  |TAMS 0x0000000745000000, 0x0000000745000000| Untracked 
| 403|0x0000000745200000, 0x0000000745200000, 0x0000000745400000|  0%| F|  |TAMS 0x0000000745200000, 0x0000000745200000| Untracked 
| 404|0x0000000745400000, 0x0000000745400000, 0x0000000745600000|  0%| F|  |TAMS 0x0000000745400000, 0x0000000745400000| Untracked 
| 405|0x0000000745600000, 0x0000000745600000, 0x0000000745800000|  0%| F|  |TAMS 0x0000000745600000, 0x0000000745600000| Untracked 
| 406|0x0000000745800000, 0x0000000745800000, 0x0000000745a00000|  0%| F|  |TAMS 0x0000000745800000, 0x0000000745800000| Untracked 
| 407|0x0000000745a00000, 0x0000000745c00000, 0x0000000745c00000|100%| E|  |TAMS 0x0000000745a00000, 0x0000000745a00000| Complete 
| 408|0x0000000745c00000, 0x0000000745e00000, 0x0000000745e00000|100%| E|CS|TAMS 0x0000000745c00000, 0x0000000745c00000| Complete 
| 409|0x0000000745e00000, 0x0000000746000000, 0x0000000746000000|100%| E|CS|TAMS 0x0000000745e00000, 0x0000000745e00000| Complete 
| 410|0x0000000746000000, 0x0000000746200000, 0x0000000746200000|100%| E|CS|TAMS 0x0000000746000000, 0x0000000746000000| Complete 
| 411|0x0000000746200000, 0x0000000746400000, 0x0000000746400000|100%| E|CS|TAMS 0x0000000746200000, 0x0000000746200000| Complete 
| 412|0x0000000746400000, 0x0000000746600000, 0x0000000746600000|100%| E|CS|TAMS 0x0000000746400000, 0x0000000746400000| Complete 
| 413|0x0000000746600000, 0x0000000746800000, 0x0000000746800000|100%| E|CS|TAMS 0x0000000746600000, 0x0000000746600000| Complete 
| 414|0x0000000746800000, 0x0000000746a00000, 0x0000000746a00000|100%| E|CS|TAMS 0x0000000746800000, 0x0000000746800000| Complete 
| 415|0x0000000746a00000, 0x0000000746c00000, 0x0000000746c00000|100%| E|CS|TAMS 0x0000000746a00000, 0x0000000746a00000| Complete 
| 416|0x0000000746c00000, 0x0000000746e00000, 0x0000000746e00000|100%| E|CS|TAMS 0x0000000746c00000, 0x0000000746c00000| Complete 
| 417|0x0000000746e00000, 0x0000000747000000, 0x0000000747000000|100%| E|CS|TAMS 0x0000000746e00000, 0x0000000746e00000| Complete 
| 418|0x0000000747000000, 0x0000000747200000, 0x0000000747200000|100%| E|CS|TAMS 0x0000000747000000, 0x0000000747000000| Complete 
| 419|0x0000000747200000, 0x0000000747400000, 0x0000000747400000|100%| E|CS|TAMS 0x0000000747200000, 0x0000000747200000| Complete 
| 420|0x0000000747400000, 0x0000000747600000, 0x0000000747600000|100%| E|CS|TAMS 0x0000000747400000, 0x0000000747400000| Complete 
| 421|0x0000000747600000, 0x0000000747800000, 0x0000000747800000|100%| E|CS|TAMS 0x0000000747600000, 0x0000000747600000| Complete 
| 422|0x0000000747800000, 0x0000000747a00000, 0x0000000747a00000|100%| E|CS|TAMS 0x0000000747800000, 0x0000000747800000| Complete 
| 423|0x0000000747a00000, 0x0000000747c00000, 0x0000000747c00000|100%| E|CS|TAMS 0x0000000747a00000, 0x0000000747a00000| Complete 
| 424|0x0000000747c00000, 0x0000000747e00000, 0x0000000747e00000|100%| E|CS|TAMS 0x0000000747c00000, 0x0000000747c00000| Complete 
| 425|0x0000000747e00000, 0x0000000748000000, 0x0000000748000000|100%| E|CS|TAMS 0x0000000747e00000, 0x0000000747e00000| Complete 
| 426|0x0000000748000000, 0x0000000748200000, 0x0000000748200000|100%| E|CS|TAMS 0x0000000748000000, 0x0000000748000000| Complete 
| 427|0x0000000748200000, 0x0000000748400000, 0x0000000748400000|100%| E|CS|TAMS 0x0000000748200000, 0x0000000748200000| Complete 
| 428|0x0000000748400000, 0x0000000748600000, 0x0000000748600000|100%| E|CS|TAMS 0x0000000748400000, 0x0000000748400000| Complete 
| 429|0x0000000748600000, 0x0000000748800000, 0x0000000748800000|100%| E|CS|TAMS 0x0000000748600000, 0x0000000748600000| Complete 
| 430|0x0000000748800000, 0x0000000748a00000, 0x0000000748a00000|100%| E|CS|TAMS 0x0000000748800000, 0x0000000748800000| Complete 
| 431|0x0000000748a00000, 0x0000000748c00000, 0x0000000748c00000|100%| E|CS|TAMS 0x0000000748a00000, 0x0000000748a00000| Complete 
| 432|0x0000000748c00000, 0x0000000748e00000, 0x0000000748e00000|100%| E|CS|TAMS 0x0000000748c00000, 0x0000000748c00000| Complete 
| 433|0x0000000748e00000, 0x0000000749000000, 0x0000000749000000|100%| E|CS|TAMS 0x0000000748e00000, 0x0000000748e00000| Complete 
| 434|0x0000000749000000, 0x0000000749200000, 0x0000000749200000|100%| E|CS|TAMS 0x0000000749000000, 0x0000000749000000| Complete 
| 435|0x0000000749200000, 0x0000000749400000, 0x0000000749400000|100%| E|CS|TAMS 0x0000000749200000, 0x0000000749200000| Complete 
| 436|0x0000000749400000, 0x0000000749600000, 0x0000000749600000|100%| E|CS|TAMS 0x0000000749400000, 0x0000000749400000| Complete 
| 437|0x0000000749600000, 0x0000000749800000, 0x0000000749800000|100%| E|CS|TAMS 0x0000000749600000, 0x0000000749600000| Complete 
| 438|0x0000000749800000, 0x0000000749a00000, 0x0000000749a00000|100%| E|CS|TAMS 0x0000000749800000, 0x0000000749800000| Complete 
| 439|0x0000000749a00000, 0x0000000749c00000, 0x0000000749c00000|100%| E|CS|TAMS 0x0000000749a00000, 0x0000000749a00000| Complete 
| 440|0x0000000749c00000, 0x0000000749e00000, 0x0000000749e00000|100%| E|CS|TAMS 0x0000000749c00000, 0x0000000749c00000| Complete 
| 441|0x0000000749e00000, 0x000000074a000000, 0x000000074a000000|100%| E|CS|TAMS 0x0000000749e00000, 0x0000000749e00000| Complete 
| 442|0x000000074a000000, 0x000000074a200000, 0x000000074a200000|100%| E|CS|TAMS 0x000000074a000000, 0x000000074a000000| Complete 
| 443|0x000000074a200000, 0x000000074a400000, 0x000000074a400000|100%| E|CS|TAMS 0x000000074a200000, 0x000000074a200000| Complete 
| 444|0x000000074a400000, 0x000000074a600000, 0x000000074a600000|100%| E|CS|TAMS 0x000000074a400000, 0x000000074a400000| Complete 
| 445|0x000000074a600000, 0x000000074a800000, 0x000000074a800000|100%| E|CS|TAMS 0x000000074a600000, 0x000000074a600000| Complete 
| 446|0x000000074a800000, 0x000000074aa00000, 0x000000074aa00000|100%| E|CS|TAMS 0x000000074a800000, 0x000000074a800000| Complete 
| 447|0x000000074aa00000, 0x000000074ac00000, 0x000000074ac00000|100%| E|CS|TAMS 0x000000074aa00000, 0x000000074aa00000| Complete 
| 448|0x000000074ac00000, 0x000000074ae00000, 0x000000074ae00000|100%| E|CS|TAMS 0x000000074ac00000, 0x000000074ac00000| Complete 
| 449|0x000000074ae00000, 0x000000074b000000, 0x000000074b000000|100%| E|CS|TAMS 0x000000074ae00000, 0x000000074ae00000| Complete 
| 450|0x000000074b000000, 0x000000074b200000, 0x000000074b200000|100%| E|CS|TAMS 0x000000074b000000, 0x000000074b000000| Complete 
| 451|0x000000074b200000, 0x000000074b400000, 0x000000074b400000|100%| E|CS|TAMS 0x000000074b200000, 0x000000074b200000| Complete 
| 452|0x000000074b400000, 0x000000074b600000, 0x000000074b600000|100%| E|CS|TAMS 0x000000074b400000, 0x000000074b400000| Complete 
| 453|0x000000074b600000, 0x000000074b800000, 0x000000074b800000|100%| E|CS|TAMS 0x000000074b600000, 0x000000074b600000| Complete 
| 454|0x000000074b800000, 0x000000074ba00000, 0x000000074ba00000|100%| E|CS|TAMS 0x000000074b800000, 0x000000074b800000| Complete 
| 455|0x000000074ba00000, 0x000000074bc00000, 0x000000074bc00000|100%| E|CS|TAMS 0x000000074ba00000, 0x000000074ba00000| Complete 
| 456|0x000000074bc00000, 0x000000074be00000, 0x000000074be00000|100%| E|CS|TAMS 0x000000074bc00000, 0x000000074bc00000| Complete 
| 457|0x000000074be00000, 0x000000074c000000, 0x000000074c000000|100%| E|CS|TAMS 0x000000074be00000, 0x000000074be00000| Complete 
| 458|0x000000074c000000, 0x000000074c200000, 0x000000074c200000|100%| E|CS|TAMS 0x000000074c000000, 0x000000074c000000| Complete 
| 459|0x000000074c200000, 0x000000074c400000, 0x000000074c400000|100%| E|CS|TAMS 0x000000074c200000, 0x000000074c200000| Complete 
| 460|0x000000074c400000, 0x000000074c600000, 0x000000074c600000|100%| E|CS|TAMS 0x000000074c400000, 0x000000074c400000| Complete 
| 461|0x000000074c600000, 0x000000074c800000, 0x000000074c800000|100%| E|CS|TAMS 0x000000074c600000, 0x000000074c600000| Complete 
| 462|0x000000074c800000, 0x000000074ca00000, 0x000000074ca00000|100%| E|CS|TAMS 0x000000074c800000, 0x000000074c800000| Complete 
| 463|0x000000074ca00000, 0x000000074cc00000, 0x000000074cc00000|100%| E|CS|TAMS 0x000000074ca00000, 0x000000074ca00000| Complete 
| 464|0x000000074cc00000, 0x000000074ce00000, 0x000000074ce00000|100%| E|CS|TAMS 0x000000074cc00000, 0x000000074cc00000| Complete 
| 465|0x000000074ce00000, 0x000000074d000000, 0x000000074d000000|100%| E|CS|TAMS 0x000000074ce00000, 0x000000074ce00000| Complete 
| 466|0x000000074d000000, 0x000000074d200000, 0x000000074d200000|100%| E|CS|TAMS 0x000000074d000000, 0x000000074d000000| Complete 
| 467|0x000000074d200000, 0x000000074d400000, 0x000000074d400000|100%| E|CS|TAMS 0x000000074d200000, 0x000000074d200000| Complete 
| 468|0x000000074d400000, 0x000000074d600000, 0x000000074d600000|100%| E|CS|TAMS 0x000000074d400000, 0x000000074d400000| Complete 
| 469|0x000000074d600000, 0x000000074d800000, 0x000000074d800000|100%| E|CS|TAMS 0x000000074d600000, 0x000000074d600000| Complete 
| 470|0x000000074d800000, 0x000000074da00000, 0x000000074da00000|100%| E|CS|TAMS 0x000000074d800000, 0x000000074d800000| Complete 
| 471|0x000000074da00000, 0x000000074dc00000, 0x000000074dc00000|100%| E|CS|TAMS 0x000000074da00000, 0x000000074da00000| Complete 
| 472|0x000000074dc00000, 0x000000074de00000, 0x000000074de00000|100%| E|CS|TAMS 0x000000074dc00000, 0x000000074dc00000| Complete 
| 473|0x000000074de00000, 0x000000074e000000, 0x000000074e000000|100%| E|CS|TAMS 0x000000074de00000, 0x000000074de00000| Complete 
| 474|0x000000074e000000, 0x000000074e200000, 0x000000074e200000|100%| E|CS|TAMS 0x000000074e000000, 0x000000074e000000| Complete 
| 475|0x000000074e200000, 0x000000074e400000, 0x000000074e400000|100%| E|CS|TAMS 0x000000074e200000, 0x000000074e200000| Complete 
| 476|0x000000074e400000, 0x000000074e600000, 0x000000074e600000|100%| E|CS|TAMS 0x000000074e400000, 0x000000074e400000| Complete 
| 580|0x000000075b400000, 0x000000075b600000, 0x000000075b600000|100%| E|CS|TAMS 0x000000075b400000, 0x000000075b400000| Complete 
| 581|0x000000075b600000, 0x000000075b800000, 0x000000075b800000|100%| E|CS|TAMS 0x000000075b600000, 0x000000075b600000| Complete 
| 582|0x000000075b800000, 0x000000075ba00000, 0x000000075ba00000|100%| E|CS|TAMS 0x000000075b800000, 0x000000075b800000| Complete 
| 583|0x000000075ba00000, 0x000000075bc00000, 0x000000075bc00000|100%| E|CS|TAMS 0x000000075ba00000, 0x000000075ba00000| Complete 
| 584|0x000000075bc00000, 0x000000075be00000, 0x000000075be00000|100%| E|CS|TAMS 0x000000075bc00000, 0x000000075bc00000| Complete 
| 585|0x000000075be00000, 0x000000075c000000, 0x000000075c000000|100%| E|CS|TAMS 0x000000075be00000, 0x000000075be00000| Complete 
| 586|0x000000075c000000, 0x000000075c200000, 0x000000075c200000|100%| E|CS|TAMS 0x000000075c000000, 0x000000075c000000| Complete 
| 587|0x000000075c200000, 0x000000075c400000, 0x000000075c400000|100%| E|CS|TAMS 0x000000075c200000, 0x000000075c200000| Complete 
| 588|0x000000075c400000, 0x000000075c600000, 0x000000075c600000|100%| E|CS|TAMS 0x000000075c400000, 0x000000075c400000| Complete 
| 589|0x000000075c600000, 0x000000075c800000, 0x000000075c800000|100%| E|CS|TAMS 0x000000075c600000, 0x000000075c600000| Complete 
| 590|0x000000075c800000, 0x000000075ca00000, 0x000000075ca00000|100%| E|CS|TAMS 0x000000075c800000, 0x000000075c800000| Complete 
| 591|0x000000075ca00000, 0x000000075cc00000, 0x000000075cc00000|100%| E|CS|TAMS 0x000000075ca00000, 0x000000075ca00000| Complete 
| 592|0x000000075cc00000, 0x000000075ce00000, 0x000000075ce00000|100%| E|CS|TAMS 0x000000075cc00000, 0x000000075cc00000| Complete 
| 593|0x000000075ce00000, 0x000000075d000000, 0x000000075d000000|100%| E|CS|TAMS 0x000000075ce00000, 0x000000075ce00000| Complete 
| 660|0x0000000765400000, 0x0000000765600000, 0x0000000765600000|100%| E|CS|TAMS 0x0000000765400000, 0x0000000765400000| Complete 
| 661|0x0000000765600000, 0x0000000765800000, 0x0000000765800000|100%| E|CS|TAMS 0x0000000765600000, 0x0000000765600000| Complete 
| 662|0x0000000765800000, 0x0000000765a00000, 0x0000000765a00000|100%| E|CS|TAMS 0x0000000765800000, 0x0000000765800000| Complete 
| 663|0x0000000765a00000, 0x0000000765c00000, 0x0000000765c00000|100%| E|CS|TAMS 0x0000000765a00000, 0x0000000765a00000| Complete 
| 664|0x0000000765c00000, 0x0000000765e00000, 0x0000000765e00000|100%| E|CS|TAMS 0x0000000765c00000, 0x0000000765c00000| Complete 
| 665|0x0000000765e00000, 0x0000000766000000, 0x0000000766000000|100%| E|CS|TAMS 0x0000000765e00000, 0x0000000765e00000| Complete 
| 666|0x0000000766000000, 0x0000000766200000, 0x0000000766200000|100%| E|CS|TAMS 0x0000000766000000, 0x0000000766000000| Complete 
| 667|0x0000000766200000, 0x0000000766400000, 0x0000000766400000|100%| E|CS|TAMS 0x0000000766200000, 0x0000000766200000| Complete 
|1896|0x00000007ffc00000, 0x00000007ffe00000, 0x00000007ffe00000|100%| E|CS|TAMS 0x00000007ffc00000, 0x00000007ffc00000| Complete 
|1897|0x00000007ffe00000, 0x0000000800000000, 0x0000000800000000|100%| E|CS|TAMS 0x00000007ffe00000, 0x00000007ffe00000| Complete 

Card table byte_map: [0x000001ecfaee0000,0x000001ecfb650000] _byte_map_base: 0x000001ecf764a000

Marking Bits (Prev, Next): (CMBitMap*) 0x000001ecf24c4cc0, (CMBitMap*) 0x000001ecf24c4d00
 Prev Bits: [0x000001ecfbdc0000, 0x000001ecff910000)
 Next Bits: [0x000001ec8f000000, 0x000001ec92b50000)

Polling page: 0x000001ecf1470000

Metaspace:

Usage:
  Non-class:     46.55 MB capacity,    46.15 MB (>99%) used,   358.42 KB ( <1%) free+waste,    50.62 KB ( <1%) overhead. 
      Class:      7.12 MB capacity,     6.97 MB ( 98%) used,   139.48 KB (  2%) free+waste,    17.94 KB ( <1%) overhead. 
       Both:     53.68 MB capacity,    53.12 MB ( 99%) used,   497.90 KB ( <1%) free+waste,    68.56 KB ( <1%) overhead. 

Virtual space:
  Non-class space:       48.00 MB reserved,      46.67 MB ( 97%) committed 
      Class space:        1.00 GB reserved,       8.38 MB ( <1%) committed 
             Both:        1.05 GB reserved,      55.05 MB (  5%) committed 

Chunk freelists:
   Non-Class:  58.00 KB
       Class:  1.25 MB
        Both:  1.31 MB

MaxMetaspaceSize: 17179869184.00 GB
CompressedClassSpaceSize: 1.00 GB

CodeHeap 'non-profiled nmethods': size=119168Kb used=10345Kb max_used=10396Kb free=108822Kb
 bounds [0x000001ec87ba0000, 0x000001ec885d0000, 0x000001ec8f000000]
CodeHeap 'profiled nmethods': size=119104Kb used=13543Kb max_used=14630Kb free=105560Kb
 bounds [0x000001ec80750000, 0x000001ec815a0000, 0x000001ec87ba0000]
CodeHeap 'non-nmethods': size=7488Kb used=1216Kb max_used=2986Kb free=6271Kb
 bounds [0x000001ec80000000, 0x000001ec802f0000, 0x000001ec80750000]
 total_blobs=8984 nmethods=8509 adapters=385
 compilation: enabled
              stopped_count=0, restarted_count=0
 full_count=0

Compilation events (20 events):
Event: 27099.631 Thread 0x000001ec95dc8290 21398       4       net.sf.saxon.tree.iter.ReverseListIterator::close (1 bytes)
Event: 27099.631 Thread 0x000001ec95dc8290 nmethod 21398 0x000001ec87f90c10 code [0x000001ec87f90d80, 0x000001ec87f90dd8]
Event: 27101.741 Thread 0x000001ec95dc8290 21399       4       net.sf.saxon.regex.Operation$OpCapture$1::next (134 bytes)
Event: 27101.743 Thread 0x000001ec95dc8290 nmethod 21399 0x000001ec87f90590 code [0x000001ec87f90720, 0x000001ec87f90958]
Event: 27256.814 Thread 0x000001ec95dc8290 21400       4       net.sf.saxon.om.ZeroOrOne::<init> (10 bytes)
Event: 27256.815 Thread 0x000001ec95dc8290 nmethod 21400 0x000001ec87f90290 code [0x000001ec87f90400, 0x000001ec87f90538]
Event: 27269.437 Thread 0x000001ec95dc8290 21401   !   4       net.sf.saxon.functions.NotFn$1::effectiveBooleanValue (34 bytes)
Event: 27269.440 Thread 0x000001ec95dc8290 nmethod 21401 0x000001ec87f8fc90 code [0x000001ec87f8fe40, 0x000001ec87f90010]
Event: 27294.412 Thread 0x000001ec95dc8290 21402       4       net.sf.saxon.event.NamespaceReducer::addToStack (52 bytes)
Event: 27294.414 Thread 0x000001ec95dc8290 nmethod 21402 0x000001ec87f8f890 code [0x000001ec87f8fa00, 0x000001ec87f8fb98]
Event: 27294.763 Thread 0x000001ec95dc8290 21403       4       net.sf.saxon.om.FingerprintedQName::getNamespaceBinding (8 bytes)
Event: 27294.772 Thread 0x000001ec95dc8290 nmethod 21403 0x000001ec87f8e110 code [0x000001ec87f8e300, 0x000001ec87f8f1f8]
Event: 27386.553 Thread 0x000001ec95dc8290 21404       4       net.sf.saxon.tree.tiny.TinyTree::addNamespace (68 bytes)
Event: 27386.558 Thread 0x000001ec95dc8290 nmethod 21404 0x000001ec87f8d590 code [0x000001ec87f8d740, 0x000001ec87f8de18]
Event: 27387.620 Thread 0x000001ec95dc8290 21405       4       net.sf.saxon.tree.tiny.TinyBuilder::namespace (65 bytes)
Event: 27387.627 Thread 0x000001ec95dc8290 nmethod 21405 0x000001ec87f8c790 code [0x000001ec87f8c940, 0x000001ec87f8d098]
Event: 27397.033 Thread 0x000001ec95dc8290 21406       4       net.sf.saxon.expr.instruct.ElementCreator::processLeavingTail (7 bytes)
Event: 27397.034 Thread 0x000001ec95dc8290 nmethod 21406 0x000001ec87f8c490 code [0x000001ec87f8c620, 0x000001ec87f8c6a8]
Event: 27418.057 Thread 0x000001ec95dc8290 21407       4       net.sf.saxon.expr.instruct.AnalyzeString::processLeavingTail (102 bytes)
Event: 27418.107 Thread 0x000001ec95dc8290 nmethod 21407 0x000001ec87f87690 code [0x000001ec87f87a80, 0x000001ec87f8a6d8]

GC Heap History (20 events):
Event: 59201.866 GC heap before
{Heap before GC invocations=14422 (full 0):
 garbage-first heap   total 1026048K, used 915952K [0x0000000712c00000, 0x0000000800000000)
  region size 2048K, 225 young (460800K), 1 survivors (2048K)
 Metaspace       used 54399K, capacity 54966K, committed 56368K, reserved 1097728K
  class space    used 7138K, capacity 7296K, committed 8576K, reserved 1048576K
}
Event: 59201.867 GC heap after
{Heap after GC invocations=14423 (full 0):
 garbage-first heap   total 1026048K, used 457208K [0x0000000712c00000, 0x0000000800000000)
  region size 2048K, 1 young (2048K), 1 survivors (2048K)
 Metaspace       used 54399K, capacity 54966K, committed 56368K, reserved 1097728K
  class space    used 7138K, capacity 7296K, committed 8576K, reserved 1048576K
}
Event: 59202.135 GC heap before
{Heap before GC invocations=14423 (full 0):
 garbage-first heap   total 1026048K, used 915960K [0x0000000712c00000, 0x0000000800000000)
  region size 2048K, 225 young (460800K), 1 survivors (2048K)
 Metaspace       used 54399K, capacity 54966K, committed 56368K, reserved 1097728K
  class space    used 7138K, capacity 7296K, committed 8576K, reserved 1048576K
}
Event: 59202.136 GC heap after
{Heap after GC invocations=14424 (full 0):
 garbage-first heap   total 1026048K, used 457233K [0x0000000712c00000, 0x0000000800000000)
  region size 2048K, 1 young (2048K), 1 survivors (2048K)
 Metaspace       used 54399K, capacity 54966K, committed 56368K, reserved 1097728K
  class space    used 7138K, capacity 7296K, committed 8576K, reserved 1048576K
}
Event: 59202.415 GC heap before
{Heap before GC invocations=14424 (full 0):
 garbage-first heap   total 1026048K, used 915985K [0x0000000712c00000, 0x0000000800000000)
  region size 2048K, 225 young (460800K), 1 survivors (2048K)
 Metaspace       used 54399K, capacity 54966K, committed 56368K, reserved 1097728K
  class space    used 7138K, capacity 7296K, committed 8576K, reserved 1048576K
}
Event: 59202.416 GC heap after
{Heap after GC invocations=14425 (full 0):
 garbage-first heap   total 1026048K, used 457245K [0x0000000712c00000, 0x0000000800000000)
  region size 2048K, 1 young (2048K), 1 survivors (2048K)
 Metaspace       used 54399K, capacity 54966K, committed 56368K, reserved 1097728K
  class space    used 7138K, capacity 7296K, committed 8576K, reserved 1048576K
}
Event: 59202.677 GC heap before
{Heap before GC invocations=14425 (full 0):
 garbage-first heap   total 1026048K, used 915997K [0x0000000712c00000, 0x0000000800000000)
  region size 2048K, 225 young (460800K), 1 survivors (2048K)
 Metaspace       used 54399K, capacity 54966K, committed 56368K, reserved 1097728K
  class space    used 7138K, capacity 7296K, committed 8576K, reserved 1048576K
}
Event: 59202.678 GC heap after
{Heap after GC invocations=14426 (full 0):
 garbage-first heap   total 1026048K, used 457256K [0x0000000712c00000, 0x0000000800000000)
  region size 2048K, 1 young (2048K), 1 survivors (2048K)
 Metaspace       used 54399K, capacity 54966K, committed 56368K, reserved 1097728K
  class space    used 7138K, capacity 7296K, committed 8576K, reserved 1048576K
}
Event: 59202.952 GC heap before
{Heap before GC invocations=14426 (full 0):
 garbage-first heap   total 1026048K, used 916008K [0x0000000712c00000, 0x0000000800000000)
  region size 2048K, 225 young (460800K), 1 survivors (2048K)
 Metaspace       used 54399K, capacity 54966K, committed 56368K, reserved 1097728K
  class space    used 7138K, capacity 7296K, committed 8576K, reserved 1048576K
}
Event: 59202.953 GC heap after
{Heap after GC invocations=14427 (full 0):
 garbage-first heap   total 1026048K, used 457278K [0x0000000712c00000, 0x0000000800000000)
  region size 2048K, 1 young (2048K), 1 survivors (2048K)
 Metaspace       used 54399K, capacity 54966K, committed 56368K, reserved 1097728K
  class space    used 7138K, capacity 7296K, committed 8576K, reserved 1048576K
}
Event: 59203.216 GC heap before
{Heap before GC invocations=14427 (full 0):
 garbage-first heap   total 1026048K, used 916030K [0x0000000712c00000, 0x0000000800000000)
  region size 2048K, 225 young (460800K), 1 survivors (2048K)
 Metaspace       used 54399K, capacity 54966K, committed 56368K, reserved 1097728K
  class space    used 7138K, capacity 7296K, committed 8576K, reserved 1048576K
}
Event: 59203.217 GC heap after
{Heap after GC invocations=14428 (full 0):
 garbage-first heap   total 1026048K, used 457297K [0x0000000712c00000, 0x0000000800000000)
  region size 2048K, 1 young (2048K), 1 survivors (2048K)
 Metaspace       used 54399K, capacity 54966K, committed 56368K, reserved 1097728K
  class space    used 7138K, capacity 7296K, committed 8576K, reserved 1048576K
}
Event: 59203.539 GC heap before
{Heap before GC invocations=14428 (full 0):
 garbage-first heap   total 1026048K, used 916049K [0x0000000712c00000, 0x0000000800000000)
  region size 2048K, 225 young (460800K), 1 survivors (2048K)
 Metaspace       used 54399K, capacity 54966K, committed 56368K, reserved 1097728K
  class space    used 7138K, capacity 7296K, committed 8576K, reserved 1048576K
}
Event: 59203.540 GC heap after
{Heap after GC invocations=14429 (full 0):
 garbage-first heap   total 1026048K, used 457317K [0x0000000712c00000, 0x0000000800000000)
  region size 2048K, 1 young (2048K), 1 survivors (2048K)
 Metaspace       used 54399K, capacity 54966K, committed 56368K, reserved 1097728K
  class space    used 7138K, capacity 7296K, committed 8576K, reserved 1048576K
}
Event: 59203.834 GC heap before
{Heap before GC invocations=14429 (full 0):
 garbage-first heap   total 1026048K, used 916069K [0x0000000712c00000, 0x0000000800000000)
  region size 2048K, 225 young (460800K), 1 survivors (2048K)
 Metaspace       used 54399K, capacity 54966K, committed 56368K, reserved 1097728K
  class space    used 7138K, capacity 7296K, committed 8576K, reserved 1048576K
}
Event: 59203.835 GC heap after
{Heap after GC invocations=14430 (full 0):
 garbage-first heap   total 1026048K, used 457330K [0x0000000712c00000, 0x0000000800000000)
  region size 2048K, 1 young (2048K), 1 survivors (2048K)
 Metaspace       used 54399K, capacity 54966K, committed 56368K, reserved 1097728K
  class space    used 7138K, capacity 7296K, committed 8576K, reserved 1048576K
}
Event: 59204.107 GC heap before
{Heap before GC invocations=14430 (full 0):
 garbage-first heap   total 1026048K, used 916082K [0x0000000712c00000, 0x0000000800000000)
  region size 2048K, 225 young (460800K), 1 survivors (2048K)
 Metaspace       used 54399K, capacity 54966K, committed 56368K, reserved 1097728K
  class space    used 7138K, capacity 7296K, committed 8576K, reserved 1048576K
}
Event: 59204.108 GC heap after
{Heap after GC invocations=14431 (full 0):
 garbage-first heap   total 1026048K, used 457336K [0x0000000712c00000, 0x0000000800000000)
  region size 2048K, 1 young (2048K), 1 survivors (2048K)
 Metaspace       used 54399K, capacity 54966K, committed 56368K, reserved 1097728K
  class space    used 7138K, capacity 7296K, committed 8576K, reserved 1048576K
}
Event: 59204.481 GC heap before
{Heap before GC invocations=14431 (full 0):
 garbage-first heap   total 1026048K, used 916088K [0x0000000712c00000, 0x0000000800000000)
  region size 2048K, 225 young (460800K), 1 survivors (2048K)
 Metaspace       used 54399K, capacity 54966K, committed 56368K, reserved 1097728K
  class space    used 7138K, capacity 7296K, committed 8576K, reserved 1048576K
}
Event: 59204.482 GC heap after
{Heap after GC invocations=14432 (full 0):
 garbage-first heap   total 1026048K, used 457353K [0x0000000712c00000, 0x0000000800000000)
  region size 2048K, 1 young (2048K), 1 survivors (2048K)
 Metaspace       used 54399K, capacity 54966K, committed 56368K, reserved 1097728K
  class space    used 7138K, capacity 7296K, committed 8576K, reserved 1048576K
}

Deoptimization events (20 events):
Event: 26853.131 Thread 0x000001ecf2474ac0 Uncommon trap: trap_request=0xffffffde fr.pc=0x000001ec87f68a18 relative=0x0000000000000078
Event: 26853.131 Thread 0x000001ecf2474ac0 Uncommon trap: reason=class_check action=maybe_recompile pc=0x000001ec87f68a18 method=net.sf.saxon.regex.BMPString.isEnd(I)Z @ 5 c2
Event: 26853.131 Thread 0x000001ecf2474ac0 DEOPT PACKING pc=0x000001ec87f68a18 sp=0x0000008be44fabd0
Event: 26853.131 Thread 0x000001ecf2474ac0 DEOPT UNPACKING pc=0x000001ec8004e42f sp=0x0000008be44fab68 mode 2
Event: 26853.131 Thread 0x000001ecf2474ac0 Uncommon trap: trap_request=0xffffffde fr.pc=0x000001ec884f275c relative=0x000000000000135c
Event: 26853.131 Thread 0x000001ecf2474ac0 Uncommon trap: reason=class_check action=maybe_recompile pc=0x000001ec884f275c method=net.sf.saxon.regex.BMPString.isEnd(I)Z @ 5 c2
Event: 26853.131 Thread 0x000001ecf2474ac0 DEOPT PACKING pc=0x000001ec884f275c sp=0x0000008be44fac30
Event: 26853.131 Thread 0x000001ecf2474ac0 DEOPT UNPACKING pc=0x000001ec8004e42f sp=0x0000008be44fab78 mode 2
Event: 26853.131 Thread 0x000001ecf2474ac0 Uncommon trap: trap_request=0xffffffde fr.pc=0x000001ec87f68a18 relative=0x0000000000000078
Event: 26853.131 Thread 0x000001ecf2474ac0 Uncommon trap: reason=class_check action=maybe_recompile pc=0x000001ec87f68a18 method=net.sf.saxon.regex.BMPString.isEnd(I)Z @ 5 c2
Event: 26853.131 Thread 0x000001ecf2474ac0 DEOPT PACKING pc=0x000001ec87f68a18 sp=0x0000008be44fabd0
Event: 26853.131 Thread 0x000001ecf2474ac0 DEOPT UNPACKING pc=0x000001ec8004e42f sp=0x0000008be44fab68 mode 2
Event: 26853.131 Thread 0x000001ecf2474ac0 Uncommon trap: trap_request=0xffffffc6 fr.pc=0x000001ec87fbc8a0 relative=0x0000000000000080
Event: 26853.131 Thread 0x000001ecf2474ac0 Uncommon trap: reason=bimorphic_or_optimized_type_check action=maybe_recompile pc=0x000001ec87fbc8a0 method=net.sf.saxon.regex.BMPString.uLength()I @ 4 c2
Event: 26853.131 Thread 0x000001ecf2474ac0 DEOPT PACKING pc=0x000001ec87fbc8a0 sp=0x0000008be44fabf0
Event: 26853.131 Thread 0x000001ecf2474ac0 DEOPT UNPACKING pc=0x000001ec8004e42f sp=0x0000008be44fab80 mode 2
Event: 26853.132 Thread 0x000001ecf2474ac0 Uncommon trap: trap_request=0xffffffde fr.pc=0x000001ec883182c8 relative=0x0000000000000208
Event: 26853.132 Thread 0x000001ecf2474ac0 Uncommon trap: reason=class_check action=maybe_recompile pc=0x000001ec883182c8 method=net.sf.saxon.regex.BMPString.isEnd(I)Z @ 5 c2
Event: 26853.132 Thread 0x000001ecf2474ac0 DEOPT PACKING pc=0x000001ec883182c8 sp=0x0000008be44faa70
Event: 26853.132 Thread 0x000001ecf2474ac0 DEOPT UNPACKING pc=0x000001ec8004e42f sp=0x0000008be44fa980 mode 2

Classes unloaded (20 events):
Event: 25449.915 Thread 0x000001ec954bd7d0 Unloading class 0x00000008005a2290 'net/sf/saxon/expr/ContextOriginator'
Event: 25449.915 Thread 0x000001ec954bd7d0 Unloading class 0x00000008005a2098 'net/sf/saxon/om/Sequence'
Event: 25449.915 Thread 0x000001ec954bd7d0 Unloading class 0x00000008005a1ea0 'net/sf/saxon/lib/UnfailingErrorListener'
Event: 25449.915 Thread 0x000001ec954bd7d0 Unloading class 0x00000008005a1c50 'net/sf/saxon/s9api/Processor$ExtensionFunctionDefinitionWrapper'
Event: 25449.915 Thread 0x000001ec954bd7d0 Unloading class 0x00000008005a1a08 'net/sf/saxon/lib/ExtensionFunctionDefinition'
Event: 25449.915 Thread 0x000001ec954bd7d0 Unloading class 0x00000008005a1810 'net/sf/saxon/expr/parser/Location'
Event: 25449.915 Thread 0x000001ec954bd7d0 Unloading class 0x00000008005a1618 'net/sf/saxon/event/Receiver'
Event: 25449.915 Thread 0x000001ec954bd7d0 Unloading class 0x00000008005a1348 'net/sf/saxon/expr/sort/RuleBasedSubstringMatcher'
Event: 25449.915 Thread 0x000001ec954bd7d0 Unloading class 0x00000008005a10d8 'net/sf/saxon/expr/sort/SimpleCollation'
Event: 25449.915 Thread 0x000001ec954bd7d0 Unloading class 0x00000008005a0ee0 'net/sf/saxon/lib/SubstringMatcher'
Event: 25449.915 Thread 0x000001ec954bd7d0 Unloading class 0x00000008005a0ce8 'net/sf/saxon/lib/StringCollator'
Event: 25449.915 Thread 0x000001ec954bd7d0 Unloading class 0x00000008005a0a38 'net/sf/saxon/s9api/Processor'
Event: 25449.915 Thread 0x000001ec954bd7d0 Unloading class 0x00000008005a0040 'net/sf/saxon/Configuration'
Event: 25449.915 Thread 0x000001ec954bd7d0 Unloading class 0x0000000800576598 'net/sf/saxon/om/NotationSet'
Event: 25449.915 Thread 0x000001ec954bd7d0 Unloading class 0x00000008005763a0 'net/sf/saxon/lib/SourceResolver'
Event: 25449.915 Thread 0x000001ec954bd7d0 Unloading class 0x0000000800576040 'net/sf/saxon/trans/XPathException'
Event: 25449.915 Thread 0x000001ec954bd7d0 Unloading class 0x0000000800574ab0 'net/sf/saxon/jaxp/IdentityTransformer'
Event: 25449.915 Thread 0x000001ec954bd7d0 Unloading class 0x0000000800574840 'net/sf/saxon/s9api/SaxonApiException'
Event: 25449.915 Thread 0x000001ec954bd7d0 Unloading class 0x00000008005742f8 'net/sf/saxon/TransformerFactoryImpl'
Event: 25449.915 Thread 0x000001ec954bd7d0 Unloading class 0x0000000800574040 'net/sf/saxon/jaxp/SaxonTransformerFactory'

Classes redefined (0 events):
No events

Internal exceptions (20 events):
Event: 243.042 Thread 0x000001ecf2474ac0 Implicit null exception at 0x000001ec88047d56 to 0x000001ec8804a654
Event: 1500.844 Thread 0x000001ecf2474ac0 Implicit null exception at 0x000001ec8807fc08 to 0x000001ec88080d90
Event: 25444.289 Thread 0x000001ecf2474ac0 Implicit null exception at 0x000001ec88476260 to 0x000001ec88477174
Event: 25445.930 Thread 0x000001ecf2474ac0 Implicit null exception at 0x000001ec8809b152 to 0x000001ec8809bbd4
Event: 25445.930 Thread 0x000001ecf2474ac0 Implicit null exception at 0x000001ec87fe4dc9 to 0x000001ec87fe54fc
Event: 25446.540 Thread 0x000001ecf2474ac0 Implicit null exception at 0x000001ec87f1cf44 to 0x000001ec87f1d23c
Event: 25446.896 Thread 0x000001ecf2474ac0 Exception <a 'java/lang/NoClassDefFoundError'{0x00000007427d7b28}: org/apache/xml/resolver/tools/CatalogResolver> (0x00000007427d7b28) 
thrown [./open/src/hotspot/share/classfile/systemDictionary.cpp, line 284]
Event: 25472.702 Thread 0x000001ecf2474ac0 Implicit null exception at 0x000001ec87e68290 to 0x000001ec87e68378
Event: 25472.704 Thread 0x000001ecf2474ac0 Implicit null exception at 0x000001ec882d7a77 to 0x000001ec882d83e8
Event: 25472.715 Thread 0x000001ecf2474ac0 Implicit null exception at 0x000001ec8800c951 to 0x000001ec8800c9bc
Event: 25472.759 Thread 0x000001ecf2474ac0 Implicit null exception at 0x000001ec884ccfda to 0x000001ec884cd81c
Event: 25474.712 Thread 0x000001ecf2474ac0 Implicit null exception at 0x000001ec87e0b166 to 0x000001ec87e0bd80
Event: 25475.211 Thread 0x000001ecf2474ac0 Implicit null exception at 0x000001ec87ed7cff to 0x000001ec87ed7ebc
Event: 25479.403 Thread 0x000001ecf2474ac0 Implicit null exception at 0x000001ec87cffac4 to 0x000001ec87cffdbc
Event: 25479.819 Thread 0x000001ecf2474ac0 Exception <a 'java/lang/NoClassDefFoundError'{0x000000076625a3f0}: org/apache/xml/resolver/tools/CatalogResolver> (0x000000076625a3f0) 
thrown [./open/src/hotspot/share/classfile/systemDictionary.cpp, line 284]
Event: 25480.094 Thread 0x000001ecf2474ac0 Implicit null exception at 0x000001ec8830051e to 0x000001ec88302244
Event: 25483.763 Thread 0x000001ecf2474ac0 Implicit null exception at 0x000001ec88440d17 to 0x000001ec88442be8
Event: 25484.241 Thread 0x000001ecf2474ac0 Implicit null exception at 0x000001ec87e6dbf8 to 0x000001ec87e6dca0
Event: 25484.241 Thread 0x000001ecf2474ac0 Implicit null exception at 0x000001ec883a3578 to 0x000001ec883a3620
Event: 59204.603 Thread 0x000001ecf2474ac0 Implicit null exception at 0x000001ec885684d5 to 0x0000000000000000

Events (20 events):
Event: 59201.866 Executing VM operation: G1CollectForAllocation
Event: 59201.867 Executing VM operation: G1CollectForAllocation done
Event: 59202.135 Executing VM operation: G1CollectForAllocation
Event: 59202.136 Executing VM operation: G1CollectForAllocation done
Event: 59202.415 Executing VM operation: G1CollectForAllocation
Event: 59202.416 Executing VM operation: G1CollectForAllocation done
Event: 59202.677 Executing VM operation: G1CollectForAllocation
Event: 59202.678 Executing VM operation: G1CollectForAllocation done
Event: 59202.952 Executing VM operation: G1CollectForAllocation
Event: 59202.953 Executing VM operation: G1CollectForAllocation done
Event: 59203.216 Executing VM operation: G1CollectForAllocation
Event: 59203.217 Executing VM operation: G1CollectForAllocation done
Event: 59203.539 Executing VM operation: G1CollectForAllocation
Event: 59203.540 Executing VM operation: G1CollectForAllocation done
Event: 59203.834 Executing VM operation: G1CollectForAllocation
Event: 59203.835 Executing VM operation: G1CollectForAllocation done
Event: 59204.107 Executing VM operation: G1CollectForAllocation
Event: 59204.108 Executing VM operation: G1CollectForAllocation done
Event: 59204.481 Executing VM operation: G1CollectForAllocation
Event: 59204.482 Executing VM operation: G1CollectForAllocation done


Dynamic libraries:
0x00007ff65c6d0000 - 0x00007ff65c6dd000 	C:\Program Files\Oxygen XML Editor 23\jre\bin\java.exe
0x00007ffb399f0000 - 0x00007ffb39be8000 	C:\Windows\SYSTEM32\ntdll.dll
0x00007ffb392e0000 - 0x00007ffb3939d000 	C:\Windows\System32\KERNEL32.DLL
0x00007ffb371d0000 - 0x00007ffb374c6000 	C:\Windows\System32\KERNELBASE.dll
0x00007ffb378a0000 - 0x00007ffb379a0000 	C:\Windows\System32\ucrtbase.dll
0x00007ffb235b0000 - 0x00007ffb235c8000 	C:\Program Files\Oxygen XML Editor 23\jre\bin\jli.dll
0x00007ffb37bd0000 - 0x00007ffb37d6f000 	C:\Windows\System32\USER32.dll
0x00007ffb37620000 - 0x00007ffb37642000 	C:\Windows\System32\win32u.dll
0x00007ffb37fc0000 - 0x00007ffb37feb000 	C:\Windows\System32\GDI32.dll
0x00007ffb374d0000 - 0x00007ffb375e7000 	C:\Windows\System32\gdi32full.dll
0x00007ffb37800000 - 0x00007ffb3789d000 	C:\Windows\System32\msvcp_win.dll
0x00007ffb24a00000 - 0x00007ffb24c9a000 	C:\Windows\WinSxS\amd64_microsoft.windows.common-controls_6595b64144ccf1df_6.0.19041.4355_none_60b8b9eb71f62e16\COMCTL32.dll
0x00007ffb37b30000 - 0x00007ffb37bce000 	C:\Windows\System32\msvcrt.dll
0x00007ffb23500000 - 0x00007ffb23519000 	C:\Program Files\Oxygen XML Editor 23\jre\bin\VCRUNTIME140.dll
0x00007ffb37f20000 - 0x00007ffb37f4f000 	C:\Windows\System32\IMM32.DLL
0x00007ffb2c120000 - 0x00007ffb2c322000 	C:\Windows\system32\tmumh\20019\AddOn\8.55.0.1288\TmUmEvt64.dll
0x00007ffb38900000 - 0x00007ffb38908000 	C:\Windows\System32\PSAPI.DLL
0x00007ffb39230000 - 0x00007ffb392e0000 	C:\Windows\System32\ADVAPI32.dll
0x00007ffb39910000 - 0x00007ffb399b0000 	C:\Windows\System32\sechost.dll
0x00007ffb387d0000 - 0x00007ffb388f3000 	C:\Windows\System32\RPCRT4.dll
0x00007ffb375f0000 - 0x00007ffb37617000 	C:\Windows\System32\bcrypt.dll
0x0000000073cb0000 - 0x0000000073e47000 	C:\Windows\system32\tmumh\20019\TmMon\2.9.0.1084\tmmon64.dll
0x00007ffb32130000 - 0x00007ffb3213c000 	C:\Program Files\Oxygen XML Editor 23\jre\bin\vcruntime140_1.dll
0x00007ffb1a650000 - 0x00007ffb1a6e1000 	C:\Program Files\Oxygen XML Editor 23\jre\bin\msvcp140.dll
0x00007ffaffc50000 - 0x00007ffb007ae000 	C:\Program Files\Oxygen XML Editor 23\jre\bin\server\jvm.dll
0x00007ffb1f430000 - 0x00007ffb1f439000 	C:\Windows\SYSTEM32\WSOCK32.dll
0x00007ffb393a0000 - 0x00007ffb3940b000 	C:\Windows\System32\WS2_32.dll
0x00007ffb2b270000 - 0x00007ffb2b297000 	C:\Windows\SYSTEM32\WINMM.dll
0x00007ffb2cea0000 - 0x00007ffb2ceaa000 	C:\Windows\SYSTEM32\VERSION.dll
0x00007ffb356e0000 - 0x00007ffb356f2000 	C:\Windows\SYSTEM32\kernel.appcore.dll
0x00007ffb2b500000 - 0x00007ffb2b50a000 	C:\Program Files\Oxygen XML Editor 23\jre\bin\jimage.dll
0x00007ffb34c50000 - 0x00007ffb34e34000 	C:\Windows\SYSTEM32\DBGHELP.DLL
0x00007ffb235d0000 - 0x00007ffb23604000 	C:\Windows\SYSTEM32\dbgcore.DLL
0x00007ffb379a0000 - 0x00007ffb37a22000 	C:\Windows\System32\bcryptPrimitives.dll
0x00007ffb1be30000 - 0x00007ffb1be55000 	C:\Program Files\Oxygen XML Editor 23\jre\bin\java.dll
0x00007ffb38910000 - 0x00007ffb3907c000 	C:\Windows\System32\SHELL32.dll
0x00007ffb34f30000 - 0x00007ffb356cd000 	C:\Windows\SYSTEM32\windows.storage.dll
0x00007ffb38470000 - 0x00007ffb387c3000 	C:\Windows\System32\combase.dll
0x00007ffb36a00000 - 0x00007ffb36a2e000 	C:\Windows\SYSTEM32\Wldp.dll
0x00007ffb394f0000 - 0x00007ffb395bd000 	C:\Windows\System32\OLEAUT32.dll
0x00007ffb395c0000 - 0x00007ffb3966d000 	C:\Windows\System32\SHCORE.dll
0x00007ffb398b0000 - 0x00007ffb39905000 	C:\Windows\System32\shlwapi.dll
0x00007ffb36fe0000 - 0x00007ffb37004000 	C:\Windows\SYSTEM32\profapi.dll
0x00007ffb234e0000 - 0x00007ffb234f9000 	C:\Program Files\Oxygen XML Editor 23\jre\bin\net.dll
0x00007ffb2f7e0000 - 0x00007ffb2f8ea000 	C:\Windows\SYSTEM32\WINHTTP.dll
0x00007ffb36760000 - 0x00007ffb367ca000 	C:\Windows\system32\mswsock.dll
0x00007ffb1be10000 - 0x00007ffb1be22000 	C:\Program Files\Oxygen XML Editor 23\jre\bin\nio.dll
0x00007ffb1b930000 - 0x00007ffb1b948000 	C:\Program Files\Oxygen XML Editor 23\jre\bin\zip.dll
0x00007ffb2b4c0000 - 0x00007ffb2b4d0000 	C:\Program Files\Oxygen XML Editor 23\jre\bin\verify.dll

dbghelp: loaded successfully - version: 4.0.5 - missing functions: none
symbol engine: initialized successfully - sym options: 0x614 - pdb path: .;C:\Program Files\Oxygen XML Editor 23\jre\bin;C:\Windows\SYSTEM32;C:\Windows\WinSxS\amd64_microsoft.windows.common-controls_6595b64144ccf1df_6.0.19041.4355_none_60b8b9eb71f62e16;C:\Windows\system32\tmumh\20019\AddOn\8.55.0.1288;C:\Windows\system32\tmumh\20019\TmMon\2.9.0.1084;C:\Program Files\Oxygen XML Editor 23\jre\bin\server

VM Arguments:
jvm_args: -Dant.home=C:/Program Files/Oxygen XML Editor 23/tools/ant -Dant.library.dir=C:/Program Files/Oxygen XML Editor 23/tools/ant/lib 
java_command: org.apache.tools.ant.launch.Launcher -cp 
java_class_path (initial): C:/Program Files/Oxygen XML Editor 23/tools/ant/lib/ant-launcher.jar
Launcher Type: SUN_STANDARD

[Global flags]
     intx CICompilerCount                          = 12                                        {product} {ergonomic}
     uint ConcGCThreads                            = 3                                         {product} {ergonomic}
     uint G1ConcRefinementThreads                  = 13                                        {product} {ergonomic}
   size_t G1HeapRegionSize                         = 2097152                                   {product} {ergonomic}
    uintx GCDrainStackTargetSize                   = 64                                        {product} {ergonomic}
   size_t InitialHeapSize                          = 249561088                                 {product} {ergonomic}
   size_t MarkStackSize                            = 4194304                                   {product} {ergonomic}
   size_t MaxHeapSize                              = 3980394496                                {product} {ergonomic}
   size_t MaxNewSize                               = 2386558976                                {product} {ergonomic}
   size_t MinHeapDeltaBytes                        = 2097152                                   {product} {ergonomic}
   size_t MinHeapSize                              = 8388608                                   {product} {ergonomic}
    uintx NonNMethodCodeHeapSize                   = 7602480                                {pd product} {ergonomic}
    uintx NonProfiledCodeHeapSize                  = 122027880                              {pd product} {ergonomic}
    uintx ProfiledCodeHeapSize                     = 122027880                              {pd product} {ergonomic}
    uintx ReservedCodeCacheSize                    = 251658240                              {pd product} {ergonomic}
     bool SegmentedCodeCache                       = true                                      {product} {ergonomic}
   size_t SoftMaxHeapSize                          = 3980394496                             {manageable} {ergonomic}
     bool UseCompressedClassPointers               = true                                 {lp64_product} {ergonomic}
     bool UseCompressedOops                        = true                                 {lp64_product} {ergonomic}
     bool UseG1GC                                  = true                                      {product} {ergonomic}
     bool UseLargePagesIndividualAllocation        = false                                  {pd product} {ergonomic}

Logging:
Log output configuration:
 #0: stdout all=warning uptime,level,tags
 #1: stderr all=off uptime,level,tags

Environment Variables:
JAVA_HOME=C:/Program Files/Oxygen XML Editor 23/jre
PATH=C:\Users\solonets\bin;C:\Users\solonets\AppData\Local\Programs\Git\mingw64\bin;C:\Users\solonets\AppData\Local\Programs\Git\usr\local\bin;C:\Users\solonets\AppData\Local\Programs\Git\usr\bin;C:\Users\solonets\AppData\Local\Programs\Git\usr\bin;C:\Users\solonets\AppData\Local\Programs\Git\mingw64\bin;C:\Users\solonets\AppData\Local\Programs\Git\usr\bin;C:\Users\solonets\bin;C:\Windows\system32;C:\Windows;C:\Windows\System32\Wbem;C:\Windows\System32\WindowsPowerShell\v1.0;C:\Windows\System32\OpenSSH;C:\Users\solonets\AppData\Local\Microsoft\WindowsApps;C:\Users\solonets\AppData\Local\Programs\Git\cmd;C:\Program Files\Oxygen XML Editor 23\tools\ant\bin;C:\Program Files\Oxygen XML Editor 23\jre\bin;C:\Users\solonets\AppData\Local\Programs\Git\usr\bin\vendor_perl;C:\Users\solonets\AppData\Local\Programs\Git\usr\bin\core_perl
USERNAME=solonets
SHELL=C:\Users\solonets\AppData\Local\Programs\Git\usr\bin\bash.exe
DISPLAY=needs-to-be-defined
LC_CTYPE=en_GB.UTF-8
OS=Windows_NT
PROCESSOR_IDENTIFIER=AMD64 Family 23 Model 104 Stepping 1, AuthenticAMD



---------------  S Y S T E M  ---------------

OS:
 Windows 10 , 64 bit Build 19041 (10.0.19041.3636)
OS uptime: 2 days 23:12 hours

CPU: total 16 (initial active 16) (16 cores per cpu, 2 threads per core) family 23 model 104 stepping 1 microcode 0x0, cmov, cx8, fxsr, mmx, sse, sse2, sse3, ssse3, sse4.1, sse4.2, popcnt, vzeroupper, avx, avx2, aes, clmul, 3dnowpref, lzcnt, sse4a, ht, tsc, tscinvbit, tscinv, bmi1, bmi2, adx, sha, fma, clflush, clflushopt

Memory: 4k page, system-wide physical 15178M (6030M free)
TotalPageFile size 29514M (AvailPageFile size 12311M)
current process WorkingSet (physical memory assigned to process): 971M, peak: 1907M
current process commit charge ("private bytes"): 1283M, peak: 1950M

vm_info: OpenJDK 64-Bit Server VM (15.0.1+9-18) for windows-amd64 JRE (15.0.1+9-18), built on Sep 15 2020 14:39:31 by "mach5one" with unknown MS VC++:1925

END.
